order,family,genus,species,Leaf_Area,Nmass,LMA,Plant_height,Diaspore_mass,SSD_observed,LDMC,SSD_imputed,SSD_combined
Sapindales,Sapindaceae,Acer,Acer negundo,NA,28.3498206,44.79586572,10.02481866,29.7327,0.447590254,NA,NA,0.447590254
Sapindales,Sapindaceae,Acer,Acer rubrum,2989.66,17.80857407,58.65691012,14.11947709,21.9339,0.567842634,NA,NA,0.567842634
Asterales,Asteraceae,Achillea,Achillea millefolium,627.23,20.54814349,72.41469295,0.313157943,0.1428,0.23062,NA,NA,0.23062
Lamiales,Lamiaceae,Agastache,Agastache foeniculum,NA,20.03272323,92.59259259,NA,0.2627,NA,NA,NA,NA
Poales,Poaceae,Elymus,Elymus repens,980.81,26.4533809,47.32494786,0.571625874,2.3627,0.271473942,NA,NA,0.271473942
Poales,Poaceae,Elymus,Elymus smithii,775.95,20.12485911,43.24476237,0.606732846,3.5386,0.336075249,NA,NA,0.336075249
Poales,Poaceae,Poa,Poa nemoralis,526.98,22.08030111,28.31129382,0.460794715,0.1326,0.4779,NA,NA,0.4779
Poales,Poaceae,Agrostis,Agrostis scabra,90,11.13552873,102.2146344,0.76,0.0573,NA,0.486068781,0.434319077,0.434319077
Asparagales,Amaryllidaceae,Allium,Allium cernuum,NA,NA,NA,NA,3.85,NA,NA,NA,NA
Asparagales,Amaryllidaceae,Allium,Allium stellatum,NA,31.84,67,NA,1.929,NA,NA,NA,NA
Fagales,Betulaceae,Alnus,Alnus incana,2583.96,33.70232216,55.29773946,9.53491529,0.6649,0.468294779,NA,NA,0.468294779
Caryophyllales,Amaranthaceae,Amaranthus,Amaranthus retroflexus,3379.06,32.54373277,59.98288243,0.464284504,0.3976,NA,0.21734381,0.209758157,0.209758157
Asterales,Asteraceae,Ambrosia,Ambrosia artemisiifolia,650.16,25.5,39.86712755,0.694945832,3.9899,NA,0.214486008,0.208260668,0.208260668
Asterales,Asteraceae,Ambrosia,Ambrosia psilostachya,461.55,20.36165666,69.1759069,0.525378172,6.3926,0.278686743,NA,NA,0.278686743
Rosales,Rosaceae,Amelanchier,Amelanchier alnifolia,964.61,18.2,106.7620663,3.86283244,5.5447,NA,NA,NA,NA
Rosales,Rosaceae,Amelanchier,Amelanchier arborea,718.53,NA,37.76387844,14.22816601,5.67,NA,NA,NA,NA
Rosales,Rosaceae,Amelanchier,Amelanchier spicata,814.25,20.82318419,38.33934222,3.26644707,4,NA,NA,NA,NA
Rosales,Rosaceae,Amelanchier,Amelanchier laevis,1085.83,NA,29.58310484,12.19,22.9474,NA,NA,NA,NA
Rosales,Rosaceae,Amelanchier,Amelanchier sanguinea,NA,NA,NA,3.04,5.395,NA,NA,NA,NA
Fabales,Fabaceae,Amorpha,Amorpha canescens,419.95,23.78395978,68.72297392,0.652660253,1.9072,NA,NA,NA,NA
Fabales,Fabaceae,Amphicarpaea,Amphicarpaea bracteata,1459.35,30.41156639,26.5785543,NA,30.792,NA,NA,NA,NA
Poales,Poaceae,Andropogon,Andropogon gerardi,1354.37,12.03430361,54.13754643,1.356317032,1.9015,0.262383367,NA,NA,0.262383367
Ranunculales,Ranunculaceae,Anemone,Anemone cylindrica,614.21,17.60931572,75.88145286,0.37,0.9153,NA,NA,NA,NA
Ranunculales,Ranunculaceae,Anemone,Anemone patens,800.68,NA,42.20762002,0.197468082,1.96,NA,NA,NA,NA
Ranunculales,Ranunculaceae,Anemone,Anemone quinquefolia,1600.21,15.2996732,27.47850821,0.277275432,1.13,NA,0.150972815,0.174979755,0.174979755
Ranunculales,Ranunculaceae,Anemone,Anemone virginiana,NA,13.8,46.8,NA,1.13,NA,NA,NA,NA
Asterales,Asteraceae,Antennaria,Antennaria parlinii,NA,NA,NA,NA,0.07,NA,NA,NA,NA
Asterales,Asteraceae,Antennaria,Antennaria neglecta,278.08,14.70791148,56.49767406,0.3,0.0693,NA,NA,NA,NA
Asterales,Asteraceae,Antennaria,Antennaria plantaginifolia,NA,NA,NA,NA,0.0735,NA,NA,NA,NA
Gentianales,Apocynaceae,Apocynum,Apocynum androsaemifolium,7156.82,17.2556779,51.59986203,0.735820838,0.2289,NA,0.334554127,0.271176363,0.271176363
Gentianales,Apocynaceae,Apocynum,Apocynum cannabinum,NA,17.24,97.94319295,0.95,0.9519,NA,NA,NA,NA
Ranunculales,Ranunculaceae,Aquilegia,Aquilegia canadensis,NA,NA,NA,0.9,0.5,NA,NA,NA,NA
Brassicales,Brassicaceae,Boechera,Boechera divaricarpa,NA,NA,NA,NA,NA,NA,NA,NA,NA
Brassicales,Brassicaceae,Turritis,Turritis glabra,1820.48,29.32776688,37.61616884,0.658829211,0.0618,NA,0.166599084,0.18316792,0.18316792
Brassicales,Brassicaceae,Arabis,Arabis hirsuta,177.46,20,42.89917537,0.37194375,0.0908,NA,0.16,0.17971,0.17971
Apiales,Araliaceae,Aralia,Aralia nudicaulis,4321.2,20.1078031,37.72711021,0.45,5.905,NA,NA,NA,NA
Caryophyllales,Caryophyllaceae,Moehringia,Moehringia lateriflora,132.81,23.24,18.8253012,NA,0.4599,NA,NA,NA,NA
Poales,Poaceae,Aristida,Aristida basiramea,33.02,NA,75.13148009,0.2,NA,NA,NA,NA,NA
Poales,Poaceae,Aristida,Aristida tuberculosa,NA,NA,NA,NA,NA,NA,NA,NA,NA
Rosales,Rosaceae,Aronia,Aronia melanocarpa,1159.95,17.37141111,72.26121486,1.338918128,1.8437,NA,NA,NA,NA
Asterales,Asteraceae,Artemisia,Artemisia ludoviciana,262.21,18.90475139,61.36297928,0.48641546,0.1241,NA,0.311672567,0.259186425,0.259186425
Gentianales,Apocynaceae,Asclepias,Asclepias exaltata,NA,NA,NA,NA,NA,NA,NA,NA,NA
Gentianales,Apocynaceae,Asclepias,Asclepias incarnata,1575.35,15.9,60.8742443,1.048394575,2.3466,NA,0.227267724,0.214958287,0.214958287
Gentianales,Apocynaceae,Asclepias,Asclepias ovalifolia,1998.26,21.23469162,41.80486612,NA,4.15,NA,NA,NA,NA
Gentianales,Apocynaceae,Asclepias,Asclepias syriaca,6376.17,19.52016511,62.98234491,0.916433603,5.5249,NA,0.195250356,0.198181187,0.198181187
Gentianales,Apocynaceae,Asclepias,Asclepias tuberosa,713.38,24.47777907,50.41300353,0.531013267,6.6079,NA,0.203048777,0.202267559,0.202267559
Gentianales,Apocynaceae,Asclepias,Asclepias verticillata,47.17,16.3,50.19566442,0.4808351,2.1443,NA,0.214193857,0.208107581,0.208107581
Gentianales,Apocynaceae,Asclepias,Asclepias viridiflora,NA,14.74,105.263,0.249255514,4.6,NA,0.2112,0.2065388,0.2065388
Asparagales,Asparagaceae,Asparagus,Asparagus officinalis,13.24,NA,96.69904704,0.783071712,20.5923,NA,0.274954542,0.246849633,0.246849633
Asterales,Asteraceae,Symphyotrichum,Symphyotrichum oolentangiense,921.64,15.79606993,70.92294978,NA,0.17,NA,NA,NA,NA
Asterales,Asteraceae,Symphyotrichum,Symphyotrichum ericoides,95.59,17.315,61.16993761,0.9,0.1095,NA,0.271197147,0.237977305,0.237977305
Asterales,Asteraceae,Symphyotrichum,Symphyotrichum boreale,NA,NA,NA,NA,NA,NA,NA,NA,NA
Asterales,Asteraceae,Symphyotrichum,Symphyotrichum lanceolatum,520.35,11.82,48.97745427,1.333900591,0.45,NA,0.242048911,0.222703629,0.222703629
Asterales,Asteraceae,Eurybia,Eurybia macrophylla,1772.89,18.73328791,26.00406153,1.45,0.56,NA,NA,NA,NA
Asterales,Asteraceae,Symphyotrichum,Symphyotrichum novae-angliae,571.38,24.1,42.68763277,0.884534733,0.5407,NA,0.202533786,0.201997704,0.201997704
Asterales,Asteraceae,Solidago,Solidago ptarmicoides,NA,NA,NA,0.32,0.47,NA,NA,NA,NA
Asterales,Asteraceae,Symphyotrichum,Symphyotrichum puniceum,2583.56,24.9515421,48.64027937,1.155736998,0.3901,NA,0.285024015,0.245222584,0.245222584
Asterales,Asteraceae,Doellingeria,Doellingeria umbellata,2098.1,14.20076605,40.66755425,0.923379393,0.5,NA,0.167703492,0.18374663,0.18374663
Fabales,Fabaceae,Astragalus,Astragalus canadensis,129.4,41.3,69.09469011,0.684051432,1.867,NA,0.263744,0.230160848,0.230160848
Fabales,Fabaceae,Baptisia,Baptisia alba,518.88,22.3,60.18438911,1.48974411,16.2425,0.268478043,NA,NA,0.268478043
Brassicales,Brassicaceae,Barbarea,Barbarea vulgaris,1271.27,NA,33.79277454,0.498966777,0.5997,NA,0.158209198,0.17877162,0.17877162
Brassicales,Brassicaceae,Berteroa,Berteroa incana,152.2,18.76274191,49.6691894,0.444821172,0.597,NA,0.227216733,0.214931568,0.214931568
Fagales,Betulaceae,Betula,Betula alleghaniensis,3174.32,20.95187702,29.13299987,29.04358241,0.8352,0.66,NA,NA,0.66
Fagales,Betulaceae,Betula,Betula papyrifera,2536.38,23.83371477,63.58402842,14.69789012,0.3278,0.559912529,NA,NA,0.559912529
Fagales,Betulaceae,Betula,Betula pumila,245.2,17.51356099,97.05408395,3.489985673,0.2184,NA,NA,NA,NA
Asterales,Asteraceae,Bidens,Bidens cernua,1057.65,NA,45.07283938,0.429288652,1.6488,NA,0.181266116,0.190853445,0.190853445
Asterales,Asteraceae,Bidens,Bidens trichosperma,NA,NA,NA,0.4,3.33,NA,NA,NA,NA
Asterales,Asteraceae,Bidens,Bidens tripartita,2289.45,23.54497856,32.31734098,0.507338078,2.4549,NA,0.145937957,0.172341489,0.172341489
Poales,Poaceae,Bouteloua,Bouteloua curtipendula,618.62,12.65175911,60.11285386,0.567885664,0.8636,NA,0.478802411,0.427866541,0.427866541
Poales,Poaceae,Bouteloua,Bouteloua aristidoides,314.96,15.91592894,79.69615126,0.033166248,0.2948,NA,0.481866016,0.430587022,0.430587022
Poales,Poaceae,Chondrosum,Chondrosum hirsutum,155.25,10.8757694,75.64586106,0.15,0.612,NA,0.385435772,0.344956966,0.344956966
Poales,Poaceae,Bromus,Bromus ciliatus,426.61,12.49587932,37.83291266,0.721318238,3.5325,NA,0.316670605,0.283893497,0.283893497
Poales,Poaceae,Bromus,Bromus inermis,1111.67,20.28454624,53.63954545,0.876594278,2.8865,NA,0.339545667,0.304206553,0.304206553
Poales,Poaceae,Bromus,Bromus kalmii,569.9,NA,47.67353842,1.085913243,2.1723,NA,0.372032787,0.333055115,0.333055115
Poales,Poaceae,Bromus,Bromus tectorum,288.69,21.77303837,38.99342349,0.366621768,3.1465,0.307185,NA,NA,0.307185
Poales,Poaceae,Bouteloua,Bouteloua dactyloides,NA,18.72200619,65.6591197,0.0725,8.4041,NA,NA,NA,NA
Poales,Poaceae,Calamagrostis,Calamagrostis canadensis,1088.96,12.88524932,NA,0.863133825,0.0997,NA,NA,NA,NA
Poales,Poaceae,Calamagrostis,Calamagrostis stricta,1756.89,13.8,54.4185957,0.760746363,0.1694,NA,NA,NA,NA
Poales,Poaceae,Sporobolus,Sporobolus rigidus,NA,NA,NA,NA,NA,NA,NA,NA,NA
Ranunculales,Ranunculaceae,Caltha,Caltha palustris,6216.07,34.58116402,36.2434535,0.248220033,1.0116,NA,0.128301373,0.16309992,0.16309992
Asterales,Campanulaceae,Campanula,Campanula aparinoides,NA,NA,NA,0.6,0.64,NA,NA,NA,NA
Asterales,Campanulaceae,Campanula,Campanula rotundifolia,62.67,19.69810933,44.40538487,0.227134281,0.0546,0.3883,NA,NA,0.3883
Brassicales,Brassicaceae,Capsella,Capsella bursa-pastoris,511.7,37.56654256,35.25101667,0.18456764,0.1159,0.31224,NA,NA,0.31224
Poales,Cyperaceae,Carex,Carex bebbii,NA,NA,NA,0.91,NA,NA,NA,NA,NA
Poales,Cyperaceae,Carex,Carex bicknellii,566.35,NA,38.17361847,0.425294067,1.2496,NA,0.336413119,0.30142485,0.30142485
Poales,Cyperaceae,Carex,Carex canescens,372.13,21.68632577,37.64207421,0.357968307,0.3206,NA,0.28794328,0.258383633,0.258383633
Poales,Cyperaceae,Carex,Carex echinata,184.58,NA,71.61084402,0.255216685,0.7591,NA,0.362457008,0.324551823,0.324551823
Poales,Cyperaceae,Carex,Carex chordorrhiza,107.25,NA,45.78754579,0.09085603,1.4958,NA,0.34,0.30461,0.30461
Poales,Cyperaceae,Carex,Carex comosa,NA,NA,NA,1.52,1.03,NA,NA,NA,NA
Poales,Cyperaceae,Carex,Carex diandra,316,13.21816931,90.41724371,0.442412856,0.4395,NA,NA,NA,NA
Poales,Cyperaceae,Carex,Carex disperma,NA,NA,NA,0.6,NA,NA,NA,NA,NA
Poales,Cyperaceae,Carex,Carex foenea,515.61,NA,42.6083986,0.379189845,1.34,NA,0.33,0.29573,0.29573
Poales,Cyperaceae,Carex,Carex gracillima,NA,NA,NA,0.91,1.2351,NA,NA,NA,NA
Poales,Cyperaceae,Carex,Carex haydenii,NA,NA,NA,NA,NA,NA,NA,NA,NA
Poales,Cyperaceae,Carex,Carex interior,235.8,NA,57.77494788,0.45,0.5,NA,NA,NA,NA
Poales,Cyperaceae,Carex,Carex lacustris,NA,13.33293888,NA,1.52,1.61,NA,NA,NA,NA
Poales,Cyperaceae,Carex,Carex lasiocarpa,811.54,17.67728849,96.24501751,0.579889,3.7496,NA,0.361964568,0.324114537,0.324114537
Poales,Cyperaceae,Carex,Carex vulpinoidea,509.67,27.53,54.28198262,0.351725121,0.7867,NA,0.31106461,0.278915374,0.278915374
Poales,Cyperaceae,Carex,Carex oligosperma,NA,NA,NA,0.9,4.1679,NA,NA,NA,NA
Poales,Cyperaceae,Carex,Carex pensylvanica,522.9,NA,26.48727278,0.233171055,1.79,NA,0.253771551,0.228039137,0.228039137
Poales,Cyperaceae,Carex,Carex rostrata,1698.77,19.26761453,65.32038293,0.468669026,1.034,NA,0.237746229,0.213808652,0.213808652
Poales,Cyperaceae,Carex,Carex scoparia,NA,NA,NA,0.76,NA,NA,NA,NA,NA
Poales,Cyperaceae,Carex,Carex stricta,NA,10.5,NA,1.28,0.4891,NA,NA,NA,NA
Fabales,Fabaceae,Chamaecrista,Chamaecrista fasciculata,10.58,22.89,109.6491228,0.526687763,7.6683,NA,0.43,0.34521,0.34521
Rosales,Rhamnaceae,Ceanothus,Ceanothus americanus,NA,15.7,NA,0.91,3.5265,NA,NA,NA,NA
Celastrales,Celastraceae,Celastrus,Celastrus scandens,1961.46,21.88488836,27.55441712,0.6,17.0975,NA,NA,NA,NA
Poales,Poaceae,Cenchrus,Cenchrus longispinus,NA,25.08,42.67515924,NA,15.23,NA,NA,NA,NA
Ericales,Ericaceae,Chamaedaphne,Chamaedaphne calyculata,232.96,11.94766032,102.0058897,0.992109379,0.0293,NA,NA,NA,NA
Caryophyllales,Amaranthaceae,Chenopodium,Chenopodium album,644.62,35.84945113,49.12443391,0.560605633,0.5921,NA,0.178268219,0.189282547,0.189282547
Caryophyllales,Amaranthaceae,Chenopodiastrum,Chenopodiastrum hybridum,NA,NA,NA,NA,NA,NA,NA,NA,NA
Caryophyllales,Amaranthaceae,Chenopodium,Chenopodium leptophyllum,NA,NA,NA,0.7,0.465,NA,NA,NA,NA
Asterales,Asteraceae,Heterotheca,Heterotheca villosa,200,23.73,60.60606061,0.66884333,0.7988,0.446301667,NA,NA,0.446301667
Apiales,Apiaceae,Cicuta,Cicuta bulbifera,NA,NA,NA,0.9,1.57,NA,NA,NA,NA
Myrtales,Onagraceae,Circaea,Circaea lutetiana,2312.64,23.65324455,22.21878538,0.334912555,1.9623,0.169659539,NA,NA,0.169659539
Asterales,Asteraceae,Cirsium,Cirsium arvense,5570.16,24.72195493,41.8295339,0.652958113,1.6595,0.07227,NA,NA,0.07227
Asterales,Asteraceae,Cirsium,Cirsium discolor,1405.28,NA,110.0592055,1.02711477,5.66,0.186484963,NA,NA,0.186484963
Santalales,Santalaceae,Comandra,Comandra umbellata,96.62,16.98419965,75.09841374,0.282842712,89.12,NA,NA,NA,NA
Solanales,Convolvulaceae,Convolvulus,Convolvulus arvensis,670.88,33.67357285,37.08453982,0.299399835,13.3764,0.192,NA,NA,0.192
Asterales,Asteraceae,Erigeron,Erigeron canadensis,290.83,26.57768565,52.83445519,0.374494241,0.0508,NA,0.230916111,0.216870042,0.216870042
Asterales,Asteraceae,Coreopsis,Coreopsis palmata,301.32,13.18700307,91.62066143,0.448077873,1.9295,NA,0.311477922,0.259084431,0.259084431
Cornales,Cornaceae,Cornus,Cornus alternifolia,3376.08,16.66974776,64.73963828,8.012220905,50.9742,NA,NA,NA,NA
Cornales,Cornaceae,Cornus,Cornus racemosa,982.62,16.98521303,54.02846591,2.981020651,31.6875,NA,NA,NA,NA
Cornales,Cornaceae,Cornus,Cornus sericea,2345.51,17.55,45.50538139,2.663296645,25.7526,0.48,NA,NA,0.48
Fagales,Betulaceae,Corylus,Corylus americana,3437.09,21.37835143,41.16488712,3.04,767.0044,NA,NA,NA,NA
Asterales,Asteraceae,Crepis,Crepis tectorum,110.62,14.11794355,48.69409888,0.208255249,0.41,NA,0.149475028,0.174194915,0.174194915
Caryophyllales,Amaranthaceae,Dysphania,Dysphania atriplicifolia,NA,NA,NA,NA,NA,NA,NA,NA,NA
Poales,Cyperaceae,Cyperus,Cyperus filiculmis,NA,NA,NA,0.6,0.59,NA,NA,NA,NA
Poales,Cyperaceae,Cyperus,Cyperus schweinitzii,NA,NA,NA,0.8,0.8466,NA,NA,NA,NA
Poales,Cyperaceae,Cyperus,Cyperus strigosus,NA,NA,NA,0.97,0.2447,NA,NA,NA,NA
Poales,Poaceae,Danthonia,Danthonia spicata,730.6,8.2,117.892981,0.465906394,0.5522,NA,0.434333371,0.388378033,0.388378033
Ranunculales,Ranunculaceae,Delphinium,Delphinium carolinianum,NA,28.5,75.67567568,NA,0.64,NA,NA,NA,NA
Fabales,Fabaceae,Desmodium,Desmodium canadense,NA,19.28885689,50.53832053,0.29,5.0362,NA,0.29,0.24833,0.24833
Fabales,Fabaceae,Hylodesmum,Hylodesmum glutinosum,NA,NA,NA,NA,NA,NA,NA,NA,NA
Poales,Poaceae,Digitaria,Digitaria ischaemum,75.97,NA,24.91970104,0.151570333,0.51,NA,0.159687194,0.144492228,0.144492228
Poales,Poaceae,Digitaria,Digitaria sanguinalis,504.81,13.145,27.69575597,0.264724619,0.5172,NA,0.1491585,0.135142748,0.135142748
Poales,Cyperaceae,Dulichium,Dulichium arundinaceum,NA,NA,NA,0.79,0.525,NA,NA,NA,NA
Asterales,Asteraceae,Echinacea,Echinacea purpurea,3900,15,77.82101167,0.569209979,3.0761,NA,NA,NA,NA
Poales,Poaceae,Elymus,Elymus canadensis,2209.05,21.28,54.81603901,1.098376573,4.0599,NA,0.374831589,0.335540451,0.335540451
Poales,Poaceae,Elymus,Elymus violaceus,340.07,13.85,86.95652174,0.646993045,3.131,0.356568857,NA,NA,0.356568857
Myrtales,Onagraceae,Chamaenerion,Chamaenerion angustifolium,2207.76,28.6675871,56.70779547,0.831719514,0.0655,NA,0.304087785,0.255211999,0.255211999
Myrtales,Onagraceae,Epilobium,Epilobium ciliatum,726.27,NA,29.58313379,0.777690405,0.0694,NA,0.157285199,0.178287444,0.178287444
Myrtales,Onagraceae,Epilobium,Epilobium leptophyllum,NA,NA,NA,1.09,0.1449,NA,NA,NA,NA
Poales,Poaceae,Eragrostis,Eragrostis spectabilis,479.97,10.9347428,55.82612361,0.349223029,0.0475,0.283950022,NA,NA,0.283950022
Poales,Poaceae,Eragrostis,Eragrostis trichodes,NA,NA,NA,1.06,0.2595,NA,NA,NA,NA
Asterales,Asteraceae,Erechtites,Erechtites hieracifolia,NA,NA,NA,1.732050808,0.3665,NA,NA,NA,NA
Asterales,Asteraceae,Erigeron,Erigeron annuus,771.09,13.80846882,41.8190463,0.747280054,0.0323,NA,0.268155183,0.236383316,0.236383316
Asterales,Asteraceae,Erigeron,Erigeron strigosus,315.67,22.84659712,39.94543459,0.599272266,0.1561,0.365871272,NA,NA,0.365871272
Asterales,Asteraceae,Eutrochium,Eutrochium maculatum,NA,NA,NA,NA,NA,NA,NA,NA,NA
Asterales,Asteraceae,Eupatorium,Eupatorium perfoliatum,14737.39,21.01701499,71.83441721,0.967425728,0.0921,NA,0.25,0.22687,0.22687
Asterales,Asteraceae,Ageratina,Ageratina liebmannii,2076.71,29.06784494,31.91494358,0.9,0.197,NA,0.2,0.20067,0.20067
Malpighiales,Euphorbiaceae,Euphorbia,Euphorbia corollata,209.3,13.23739397,75.35795026,0.367724191,4.1792,0.480497441,NA,NA,0.480497441
Malpighiales,Euphorbiaceae,Euphorbia,Euphorbia geyeri,NA,NA,NA,NA,NA,NA,NA,NA,NA
Malpighiales,Euphorbiaceae,Euphorbia,Euphorbia glyptosperma,NA,21.63,78,0.4,0.2,NA,NA,NA,NA
Asterales,Asteraceae,Euthamia,Euthamia graminifolia,403.89,18.1991444,52.20342035,0.746883555,0.0657,NA,0.362548943,0.285845646,0.285845646
Poales,Poaceae,Festuca,Festuca ovina,46.17,15.30030876,75.9302485,0.249196954,0.438,0.431675,NA,NA,0.431675
Poales,Poaceae,Festuca,Festuca guestfalica,NA,NA,NA,0.382181274,NA,NA,NA,NA,NA
Poales,Poaceae,Festuca,Festuca rubra,305.76,16.1784374,74.98776021,0.356894185,0.8264,0.275943557,NA,NA,0.275943557
Rosales,Rosaceae,Fragaria,Fragaria vesca,1112.11,18.41902786,45.25659016,0.113880257,0.3229,0.26,NA,NA,0.26
Rosales,Rosaceae,Fragaria,Fragaria virginiana,1285.81,14.74564927,61.38487072,0.106933128,0.4771,NA,0.470839011,0.342589642,0.342589642
Lamiales,Oleaceae,Fraxinus,Fraxinus americana,NA,20.25025412,45.47791443,12.70662413,38.116,0.64,NA,NA,0.64
Lamiales,Oleaceae,Fraxinus,Fraxinus nigra,3141.6,19.57172795,46.44787994,21.28318537,51.6827,0.53,NA,NA,0.53
Lamiales,Oleaceae,Fraxinus,Fraxinus pennsylvanica,4034.27,16.77915243,87.71929825,23.15992927,34.9339,0.579223618,NA,NA,0.579223618
Lamiales,Gesneriaceae,Seemannia,Seemannia sylvatica,NA,NA,NA,NA,NA,NA,NA,NA,NA
Gentianales,Rubiaceae,Galium,Galium aparine,159.05,25.66632034,25.91241419,0.389570305,7.7522,NA,0.139310853,0.168868887,0.168868887
Gentianales,Rubiaceae,Galium,Galium boreale,81.52,19.59640062,43.96211226,0.387324197,0.7054,0.304994,NA,NA,0.304994
Gentianales,Rubiaceae,Galium,Galium trifidum,NA,NA,NA,0.24,0.4689,NA,NA,NA,NA
Gentianales,Rubiaceae,Galium,Galium triflorum,NA,19.05135813,28,NA,0.7321,NA,NA,NA,NA
Gentianales,Gentianaceae,Gentiana,Gentiana andrewsii,1536.91,NA,58.13947113,0.637798506,0.0531,NA,0.229912978,0.2163444,0.2163444
Geraniales,Geraniaceae,Geranium,Geranium maculatum,5489.91,17.7,26.0956576,0.364186225,5.9991,NA,0.177218793,0.188732648,0.188732648
Lamiales,Lamiaceae,Glechoma,Glechoma hederacea,492.81,32.0761659,28.37546246,0.195041221,0.604,0.14847696,NA,NA,0.14847696
Poales,Poaceae,Glyceria,Glyceria grandis,NA,23.5,NA,NA,0.3225,NA,NA,NA,NA
Asterales,Asteraceae,Gamochaeta,Gamochaeta purpurea,493.62,NA,123.1527094,0.04,0.033,NA,NA,NA,NA
Asterales,Asteraceae,Gnaphalium,Gnaphalium uliginosum,83.51,NA,26.57750546,0.117434918,0.0105,NA,0.16182027,0.180663822,0.180663822
Asterales,Asteraceae,Hieracium,Hieracium crassescens,NA,NA,NA,NA,NA,NA,NA,NA,NA
Asparagales,Orchidaceae,Platanthera,Platanthera lacera,NA,NA,NA,0.6,0.004,NA,NA,NA,NA
Boraginales,Boraginaceae,Hackelia,Hackelia deflexa,NA,NA,NA,0.4,1.37,NA,NA,NA,NA
Lamiales,Lamiaceae,Hedeoma,Hedeoma hispida,35.71,15.5,39.81582383,0.100024991,0.1897,NA,0.215515933,0.208800349,0.208800349
Asterales,Asteraceae,Helenium,Helenium autumnale,462.84,NA,86.20689655,0.747952169,0.3111,0.688940141,0.311359511,0.259022384,NA
Malvales,Cistaceae,Helianthemum,Helianthemum bicknellii,75.88,16.69223424,67.93584436,NA,NA,NA,NA,NA,NA
Asterales,Asteraceae,Helianthus,Helianthus giganteus,NA,NA,NA,2,3.22,NA,NA,NA,NA
Asterales,Asteraceae,Helianthus,Helianthus hirsutus,819.83,17.93,81.76614881,0.29,4.855,NA,0.44,0.32643,0.32643
Asterales,Asteraceae,Helianthus,Helianthus laetiflorus,974.87,15.77727234,127.2233929,2,NA,NA,NA,NA,NA
Asterales,Asteraceae,Helianthus,Helianthus petiolaris,NA,NA,NA,1.2,3.512,NA,NA,NA,NA
Asterales,Asteraceae,Heliopsis,Heliopsis helianthoides,2243.66,30.95,46.09060557,1.315934842,4.5667,NA,0.191010693,0.195959603,0.195959603
Saxifragales,Saxifragaceae,Heuchera,Heuchera richardsonii,3406.33,NA,101.4825285,0.473286383,0.0565,NA,0.309354166,0.257971583,0.257971583
Asterales,Asteraceae,Pilosella,Pilosella aurantiaca,995.13,NA,35.17645213,0.313256115,0.1356,NA,0.171283553,0.185622582,0.185622582
Asterales,Asteraceae,Hieracium,Hieracium umbellatum,737.05,23.29357944,48.90264277,0.456239869,0.3877,0.3251,NA,NA,0.3251
Asterales,Asteraceae,Hieracium,Hieracium longipilum,NA,10.3,66,NA,0.31,NA,NA,NA,NA
Poales,Poaceae,Anthoxanthum,Anthoxanthum nitens,33,NA,24.09058058,0.350568382,1.1152,NA,0.19,0.17141,0.17141
Gentianales,Rubiaceae,Houstonia,Houstonia longifolia,61.89,NA,46.44868643,0.11874521,NA,NA,0.194678885,0.197881735,0.197881735
Malpighiales,Hypericaceae,Hypericum,Hypericum majus,NA,NA,NA,0.7,0.01,NA,NA,NA,NA
Asparagales,Hypoxidaceae,Hypoxis,Hypoxis hirsuta,NA,NA,NA,0.22,0.3313,NA,NA,NA,NA
Aquifoliales,Aquifoliaceae,Ilex,Ilex verticillata,2020,21.58571231,71.28199975,3.898717738,11.5157,NA,NA,NA,NA
Ericales,Balsaminaceae,Impatiens,Impatiens capensis,1858.38,24.76651771,19.52264478,1.304910592,5.8343,NA,0.096677243,0.146528876,0.146528876
Asparagales,Iridaceae,Iris,Iris versicolor,5531.03,20,55.19230823,0.694508509,15.5066,NA,NA,NA,NA
Poales,Juncaceae,Juncus,Juncus tenuis,276.5,14.2,71.74720755,0.3206202,0.0135,NA,0.2019715,0.182040692,0.182040692
Pinales,Cupressaceae,Juniperus,Juniperus communis,20.68,11.44467354,113.2400577,3.041436552,11.7085,0.561974324,NA,NA,0.561974324
Pinales,Cupressaceae,Juniperus,Juniperus virginiana,28.57,14.71820742,559.5554082,22.42151877,11.0504,0.49,NA,NA,0.49
Poales,Poaceae,Koeleria,Koeleria micrathera,308.34,12.67224128,104.661262,0.264007576,0.1973,NA,NA,NA,NA
Asterales,Asteraceae,Krigia,Krigia biflora,NA,NA,NA,NA,NA,NA,NA,NA,NA
Asterales,Asteraceae,Lactuca,Lactuca biennis,2425.45,13.4,18.20305085,1.37,0.91,NA,NA,NA,NA
Asterales,Asteraceae,Lactuca,Lactuca canadensis,2432.97,22.23,33.95850155,1.473237414,NA,NA,0.181660881,0.191060302,0.191060302
Asterales,Asteraceae,Lactuca,Lactuca serriola,739.5,30.26382538,71.41914153,0.969767455,0.4366,NA,0.174083239,0.187089617,0.187089617
Pinales,Pinaceae,Larix,Larix laricina,33,15.28582255,93.58054548,23.39932727,1.5223,0.559910707,NA,NA,0.559910707
Fabales,Fabaceae,Lathyrus,Lathyrus ochroleucus,NA,32.9,NA,0.9,16.64,NA,NA,NA,NA
Fabales,Fabaceae,Lathyrus,Lathyrus venosus,1488.55,33.56725576,47.42724048,0.33,35.05,NA,NA,NA,NA
Malvales,Cistaceae,Lechea,Lechea stricta,NA,NA,NA,0.4,0.2,NA,NA,NA,NA
Poales,Poaceae,Leersia,Leersia oryzoides,999.6,16.4,60,1.07755185,1.1349,NA,NA,NA,NA
Brassicales,Brassicaceae,Lepidium,Lepidium densiflorum,187.22,28.59006471,22.77709336,0.281370652,0.3393,NA,0.119113843,0.158285653,0.158285653
Brassicales,Brassicaceae,Lepidium,Lepidium virginicum,662.75,36.4832476,43.89815628,0.400295889,0.4832,NA,0.17,0.18495,0.18495
Poales,Poaceae,Digitaria,Digitaria cognata,NA,12.94,52.63157892,NA,0.55,NA,NA,NA,NA
Fabales,Fabaceae,Lespedeza,Lespedeza capitata,295.37,21.31478212,72.04352366,0.649699861,2.627,0.29,0.356563781,0.294392136,0.29
Asterales,Asteraceae,Liatris,Liatris aspera,263.36,12.00447878,72.81423431,1.2,1.7699,NA,0.211166605,0.206521301,0.206521301
Asterales,Asteraceae,Liatris,Liatris ligulistylis,NA,NA,NA,NA,1.61,NA,NA,NA,NA
Asterales,Asteraceae,Liatris,Liatris pycnostachya,1103.35,NA,111.8689315,1.06,1.9406,NA,0.262229351,0.23327818,0.23327818
Lamiales,Plantaginaceae,Linaria,Linaria vulgaris,157.58,17.09356384,37.24115838,0.496891383,0.1551,NA,0.189422951,0.195127626,0.195127626
Boraginales,Boraginaceae,Lithospermum,Lithospermum canescens,296.88,15.03855533,72.17986474,0.5,2.81,NA,NA,NA,NA
Boraginales,Boraginaceae,Lithospermum,Lithospermum caroliniense,205.93,17.33330995,73.11348753,0.447213595,5.65,NA,NA,NA,NA
Boraginales,Boraginaceae,Lithospermum,Lithospermum carolinense,205.93,17.33330995,73.11348753,0.447213595,5.65,NA,NA,NA,NA
Asterales,Campanulaceae,Lobelia,Lobelia siphilitica,NA,15.31,70.2,1,0.0288,NA,NA,NA,NA
Asterales,Campanulaceae,Lobelia,Lobelia spicata,107.36,NA,37.76543233,0.313663427,0.1196,NA,0.235576311,0.219311987,0.219311987
Poales,Poaceae,Lolium,Lolium multiflorum,606,22.19923534,39.96456724,0.408692848,2.6332,0.216770525,NA,NA,0.216770525
Dipsacales,Caprifoliaceae,Lonicera,Lonicera dioica,NA,NA,NA,3,5.7962,NA,NA,NA,NA
Dipsacales,Caprifoliaceae,Lonicera,Lonicera tatarica,NA,28,43.72551932,8.987104741,2.9582,NA,NA,NA,NA
Dipsacales,Caprifoliaceae,Lonicera,Lonicera morrowii,NA,28,43.72551932,8.987104741,2.9582,NA,NA,NA,NA
Myrtales,Onagraceae,Ludwigia,Ludwigia polycarpa,NA,NA,NA,NA,0.02,NA,NA,NA,NA
Fabales,Fabaceae,Lupinus,Lupinus perennis,230.63,26.49842858,55.01359783,0.300262169,22.0805,NA,0.140279356,0.144723314,0.144723314
Caryophyllales,Caryophyllaceae,Silene,Silene latifolia,1646.63,NA,48.02853059,0.686351046,0.8218,NA,0.14,0.16923,0.16923
Lamiales,Lamiaceae,Lycopus,Lycopus americanus,353.74,15.75,36.60818101,0.54,0.1268,NA,NA,NA,NA
Lamiales,Lamiaceae,Lycopus,Lycopus uniflorus,NA,NA,NA,0.8,0.2114,NA,NA,NA,NA
Ericales,Primulaceae,Lysimachia,Lysimachia ciliata,NA,12.5,NA,NA,1.24,NA,NA,NA,NA
Ericales,Primulaceae,Lysimachia,Lysimachia thyrsiflora,1613.75,NA,26.25360987,0.503608879,NA,NA,0.2,0.20067,0.20067
Asparagales,Asparagaceae,Maianthemum,Maianthemum canadense,1246.23,19.35047868,35.23704467,0.095519291,9.1628,NA,0.246684828,0.221746127,0.221746127
Fabales,Fabaceae,Medicago,Medicago lupulina,247.91,33.14329316,34.57480816,0.238027748,1.4429,0.2198899,NA,NA,0.2198899
Fabales,Fabaceae,Medicago,Medicago sativa,103.57,39.6652837,50.86218039,0.658772528,2.2701,NA,0.246469345,0.218206787,0.218206787
Fabales,Fabaceae,Melilotus,Melilotus officinalis,156.23,34.8,58.2538351,0.724937994,2.6261,NA,0.232696677,0.208676101,0.208676101
Lamiales,Phrymaceae,Mimulus,Mimulus ringens,NA,NA,NA,1,0.0184,NA,NA,NA,NA
Caryophyllales,Nyctaginaceae,Mirabilis,Mirabilis albida,NA,37.31,62.67281118,NA,NA,NA,NA,NA,NA
Caryophyllales,Nyctaginaceae,Mirabilis,Mirabilis nyctaginea,NA,26.53,61.06750392,NA,5.675,NA,NA,NA,NA
Poales,Poaceae,Miscanthus,Miscanthus giganteus,NA,NA,NA,NA,NA,NA,NA,NA,NA
Caryophyllales,Molluginaceae,Mollugo,Mollugo verticillata,630,22.27,49,0.1,0.0573,NA,NA,NA,NA
Lamiales,Lamiaceae,Monarda,Monarda fistulosa,847.75,13.25247314,50.39269273,0.926046012,0.35,NA,0.245561602,0.224544279,0.224544279
Lamiales,Lamiaceae,Monarda,Monarda punctata,491.08,13.2,53.7976971,0.453911181,0.2678,NA,0.214350661,0.208189746,0.208189746
Lamiales,Lamiaceae,Mosla,Mosla dianthera,NA,19.25,NA,NA,NA,NA,NA,NA,NA
Poales,Poaceae,Muhlenbergia,Muhlenbergia racemosa,545.82,31.02890104,28.23116418,0.91,0.28,NA,NA,NA,NA
Poales,Cyperaceae,Carex,Carex lativena,NA,NA,NA,NA,NA,NA,NA,NA,NA
Lamiales,Lamiaceae,Nepeta,Nepeta cataria,390.5,NA,32.36245955,0.622293007,0.5532,NA,0.18,0.19019,0.19019
Myrtales,Onagraceae,Oenothera,Oenothera biennis,3048.9,19.17164775,58.32091689,0.936711488,0.3969,NA,0.199928183,0.200632368,0.200632368
Myrtales,Onagraceae,Oenothera,Oenothera parviflora,412.94,NA,55.63549457,0.845968,0.5373,NA,0.16881943,0.184331381,0.184331381
Myrtales,Onagraceae,Oenothera,Oenothera rhombipetala,NA,NA,NA,1.2,0.2732,NA,NA,NA,NA
Oxalidales,Oxalidaceae,Oxalis,Oxalis stricta,456.29,34.26794439,19.76834666,0.290048295,0.2053,NA,0.155248601,0.177220267,0.177220267
Poales,Poaceae,Panicum,Panicum capillare,3781.39,16.70146749,42.18530223,0.414699171,0.2685,NA,0.29420209,0.263941456,0.263941456
Poales,Poaceae,Dichanthelium,Dichanthelium acuminatum,175.99,17.30185211,41.0282884,0.454557576,0.3265,NA,0.44489015,0.397752454,0.397752454
Poales,Poaceae,Panicum,Panicum leibergii,NA,NA,NA,NA,2.34,NA,NA,NA,NA
Poales,Poaceae,Panicum,Panicum miliaceum,NA,NA,NA,0.695231496,4.6365,NA,NA,NA,NA
Poales,Poaceae,Dichanthelium,Dichanthelium oligosanthes,269.44,22.26415454,46.61794476,0.44,1.38,NA,NA,NA,NA
Poales,Poaceae,Panicum,Panicum perlongum,409.77,14.9180952,65.85552853,0.22,NA,NA,NA,NA,NA
Poales,Poaceae,Panicum,Panicum virgatum,880.64,12.42400252,71.48259417,0.58760891,1.0456,0.489895282,NA,NA,0.489895282
Rosales,Urticaceae,Parietaria,Parietaria pensylvanica,NA,13.36,32,0.430886938,0.2839,NA,NA,NA,NA
Vitales,Vitaceae,Parthenocissus,Parthenocissus inserta,13660.11,20.68816087,50.58598004,8.070660211,23.4504,NA,NA,NA,NA
Vitales,Vitaceae,Parthenocissus,Parthenocissus quinquefolia,6572.18,25.12270455,43.97565098,1.149453691,25.0481,NA,NA,NA,NA
Poales,Poaceae,Paspalum,Paspalum setaceum,NA,NA,NA,NA,NA,NA,NA,NA,NA
Lamiales,Orobanchaceae,Pedicularis,Pedicularis canadensis,NA,32.6,NA,0.39,0.8601,NA,NA,NA,NA
Lamiales,Plantaginaceae,Penstemon,Penstemon digitalis,NA,NA,NA,1.21,1.13,NA,NA,NA,NA
Lamiales,Plantaginaceae,Penstemon,Penstemon gracilis,NA,NA,NA,NA,0.06,NA,NA,NA,NA
Lamiales,Plantaginaceae,Penstemon,Penstemon grandiflorus,NA,21.1,95.23809524,NA,1.7866,NA,NA,NA,NA
Saxifragales,Penthoraceae,Penthorum,Penthorum sedoides,NA,40.82,34.95798319,0.79,0.0126,NA,NA,NA,NA
Fabales,Fabaceae,Petalostemon,Petalostemon candidus,NA,NA,NA,NA,1.38,NA,NA,NA,NA
Fabales,Fabaceae,Dalea,Dalea purpurea,18.69,24.3,83.85907353,0.535978022,1.8154,0.575032288,NA,NA,0.575032288
Fabales,Fabaceae,Dalea,Dalea villosa,NA,24.3937697,97.57606885,NA,1.8894,NA,NA,NA,NA
Poales,Poaceae,Phalaris,Phalaris arundinacea,2344.28,22.15447907,45.91214949,1.342179414,0.669,0.129132532,NA,NA,0.129132532
Poales,Poaceae,Phleum,Phleum pratense,582.05,19.04335469,44.57100577,0.608786874,0.3971,0.27969775,NA,NA,0.27969775
Ericales,Polemoniaceae,Phlox,Phlox paniculata,NA,NA,NA,0.983601001,13.68,NA,NA,NA,NA
Ericales,Polemoniaceae,Phlox,Phlox pilosa,99.6,17.10307631,40.63200866,0.6,2.53,NA,NA,NA,NA
Lamiales,Phrymaceae,Phryma,Phryma leptostachya,NA,19.34476673,19.92031873,0.6,NA,NA,NA,NA,NA
Solanales,Solanaceae,Physalis,Physalis pubescens,NA,NA,NA,NA,0.922,NA,NA,NA,NA
Solanales,Solanaceae,Physalis,Physalis virginiana,378.87,16.6466712,43.26441392,0.21,1.53,NA,NA,NA,NA
Rosales,Urticaceae,Pilea,Pilea pumila,NA,26.78,25.3,0.5,0.4894,NA,NA,NA,NA
Pinales,Pinaceae,Pinus,Pinus banksiana,100,12.32887646,243.902439,22.64289987,3.4345,0.46,NA,NA,0.46
Pinales,Pinaceae,Pinus,Pinus resinosa,215.64,11.8117951,250.0570533,19.02789321,8.2253,0.416561503,NA,NA,0.416561503
Pinales,Pinaceae,Pinus,Pinus strobus,96.83,13.36950615,156.4901796,32.68060689,16.0472,0.382822765,NA,NA,0.382822765
Lamiales,Plantaginaceae,Plantago,Plantago lanceolata,974.36,22.45412435,53.74760144,0.178939791,1.3628,0.217738001,NA,NA,0.230116
Lamiales,Plantaginaceae,Plantago,Plantago major,4852.23,18.80325799,53.22780929,0.166581764,0.2197,NA,0.1596663,0.179535141,0.179535141
Poales,Poaceae,Poa,Poa compressa,203.62,13.67,52.95581109,0.305123631,0.2097,NA,0.309399474,0.277436733,0.277436733
Poales,Poaceae,Poa,Poa palustris,297.17,NA,42.90544324,0.663242293,0.1682,NA,0.279552806,0.250932892,0.250932892
Poales,Poaceae,Poa,Poa pratensis,441.04,17.38246583,47.78219052,0.366927341,0.255,0.209736833,NA,NA,0.209736833
Fabales,Polygalaceae,Polygala,Polygala polygama,36,18.3,55.55555556,0.194935887,1.64,NA,0.22,0.21115,0.21115
Fabales,Polygalaceae,Polygala,Polygala sanguinea,NA,NA,NA,1.5,0.4199,NA,NA,NA,NA
Asparagales,Asparagaceae,Polygonatum,Polygonatum biflorum,NA,17.88211397,NA,2,21.2698,NA,NA,NA,NA
Caryophyllales,Polygonaceae,Polygonella,Polygonella articulata,NA,NA,NA,0.3,0.69,NA,NA,NA,NA
Caryophyllales,Polygonaceae,Persicaria,Persicaria amphibia,2105.85,39.18136493,53.07333384,0.360642605,2.617,NA,0.223376696,0.212919389,0.212919389
Caryophyllales,Polygonaceae,Persicaria,Persicaria thunbergii,NA,NA,NA,0.2,NA,NA,NA,NA,NA
Caryophyllales,Polygonaceae,Fallopia,Fallopia cilinode,2949.19,NA,30.18347416,NA,NA,NA,NA,NA,NA
Caryophyllales,Polygonaceae,Fallopia,Fallopia convolvulus,619.98,17.39549942,30.89808055,0.659549499,3.9717,NA,0.17925619,0.189800243,0.189800243
Caryophyllales,Polygonaceae,Persicaria,Persicaria hydropiper,1488.53,38.47376623,23.11463297,0.63879213,1.7675,NA,0.194541633,0.197809816,0.197809816
Caryophyllales,Polygonaceae,Persicaria,Persicaria lapathifolia,3782.96,35.01686265,45.69740523,0.595095986,1.6418,NA,0.213753034,0.20787659,0.20787659
Caryophyllales,Polygonaceae,Persicaria,Persicaria pensylvanica,NA,NA,NA,NA,6.13,NA,NA,NA,NA
Caryophyllales,Polygonaceae,Persicaria,Persicaria maculosa,1429.26,11.98783704,45.96906007,0.396136175,2.0441,NA,0.252416794,0.2281364,0.2281364
Caryophyllales,Polygonaceae,Persicaria,Persicaria sagittata,840.4,20.66411344,18.17283649,0.833496409,2.5633,NA,0.188737082,0.194768231,0.194768231
Caryophyllales,Polygonaceae,Fallopia,Fallopia scandens,155.63,16.13,32.41395488,0.30362424,0.1,NA,0.15796189,0.178642031,0.178642031
Caryophyllales,Polygonaceae,Polygonum,Polygonum tenue,NA,NA,NA,0.4,1.81,NA,NA,NA,NA
Malpighiales,Salicaceae,Populus,Populus balsamifera,2774,17.56593597,72.75577005,18.33734857,1.0156,0.38340579,NA,NA,0.38340579
Malpighiales,Salicaceae,Populus,Populus deltoides,8400,21.92727922,86.37819851,33.1175808,0.9918,0.423090397,NA,NA,0.423090397
Malpighiales,Salicaceae,Populus,Populus grandidentata,4813.78,23.75772843,52.38105803,16.20948739,0.1369,0.429689699,NA,NA,0.429689699
Malpighiales,Salicaceae,Populus,Populus tremuloides,2066.58,20.80417917,69.52013404,16.70656374,0.117,0.382101601,NA,NA,0.382101601
Caryophyllales,Portulacaceae,Portulaca,Portulaca oleracea,47.55,19.29,63.75064859,0.103987738,0.1418,NA,0.1,0.14827,0.14827
Rosales,Rosaceae,Potentilla,Potentilla argentea,275.33,NA,63.62215735,0.253983874,0.0838,NA,0.319577108,0.263328405,0.263328405
Rosales,Rosaceae,Drymocallis,Drymocallis arguta,NA,18.9,95.23809524,0.91,0.1379,NA,NA,NA,NA
Rosales,Rosaceae,Potentilla,Potentilla norvegica,1673.94,19.28508367,47.04702071,0.512533711,0.1,NA,0.312646019,0.259696514,0.259696514
Rosales,Rosaceae,Comarum,Comarum palustre,2197.21,13.36,55.30288288,0.371233216,0.4222,NA,0.25,0.22687,0.22687
Rosales,Rosaceae,Potentilla,Potentilla recta,910.05,NA,57.80938906,0.406906174,0.2258,NA,0.302576402,0.254420035,0.254420035
Rosales,Rosaceae,Potentilla,Potentilla simplex,625.55,NA,37.89059361,0.219390982,NA,NA,0.244659475,0.224071565,0.224071565
Asterales,Asteraceae,Nabalus,Nabalus albus,NA,16.39878044,NA,NA,NA,NA,NA,NA,NA
Asterales,Asteraceae,Nabalus,Nabalus racemosus,NA,NA,NA,NA,NA,NA,NA,NA,NA
Lamiales,Lamiaceae,Prunella,Prunella vulgaris,472.55,19.1721384,34.86427008,0.144699364,0.73,0.166888,NA,NA,0.166888
Rosales,Rosaceae,Prunus,Prunus americana,NA,NA,NA,4.1812467,664.2774,NA,NA,NA,NA
Rosales,Rosaceae,Prunus,Prunus pensylvanica,2047.7,23.47781293,60.79145317,11.10910705,39.0131,0.36,NA,NA,0.36
Rosales,Rosaceae,Prunus,Prunus pumila,NA,19.27952282,NA,1.286934342,147.7906,NA,NA,NA,NA
Rosales,Rosaceae,Prunus,Prunus serotina,2115.27,25.29629083,58.10870117,13.31316445,98.5236,0.604731345,NA,NA,0.604731345
Rosales,Rosaceae,Prunus,Prunus virginiana,975.08,18.85670178,39.59015991,5.99539284,65.8145,NA,NA,NA,NA
Lamiales,Lamiaceae,Pycnanthemum,Pycnanthemum virginianum,NA,NA,NA,NA,0.14,NA,NA,NA,NA
Ericales,Ericaceae,Pyrola,Pyrola rotundifolia,1355.19,13.46291202,53.9065135,0.120097156,NA,NA,0.25,0.22687,0.22687
Rosales,Rosaceae,Malus,Malus domestica,1620,26.642635,62.74205295,5.114735007,25.7151,NA,NA,NA,NA
Fagales,Fagaceae,Quercus,Quercus alba,7186.06,20.47676228,68.70919719,28.27776228,3111.1077,0.684543644,NA,NA,0.684543644
Fagales,Fagaceae,Quercus,Quercus petraea,2985.81,19.86644781,72.33548013,31.43850033,579.4958,0.579146906,NA,NA,0.579146906
Fagales,Fagaceae,Quercus,Quercus ellipsoidalis,3949.49,21.16050373,59.41097035,21.3,1698.3333,NA,NA,NA,NA
Fagales,Fagaceae,Quercus,Quercus macrocarpa,5409.77,22.14539006,65.70096128,28.4784124,6233.4608,0.67,NA,NA,0.67
Ranunculales,Ranunculaceae,Ranunculus,Ranunculus rhomboideus,1196.13,14.52630029,58.02936328,NA,1.17,NA,NA,NA,NA
Asterales,Asteraceae,Ratibida,Ratibida pinnata,583.54,8.6,67.42883437,0.903379936,0.6096,NA,0.258024261,0.231074713,0.231074713
Rosales,Rhamnaceae,Rhamnus,Rhamnus cathartica,655.96,24.36628659,58.48843604,3.291853038,20.3745,0.658103335,NA,NA,0.658103335
Rosales,Rhamnaceae,Frangula,Frangula alnus,1563.94,28.64792194,29.4082026,3.539464314,17.2032,0.416501047,NA,NA,0.411331231
Sapindales,Anacardiaceae,Rhus,Rhus glabra,7137.6,17.72816213,67.54501045,2.847025404,8.3723,NA,NA,NA,NA
Sapindales,Anacardiaceae,Toxicodendron,Toxicodendron radicans,NA,NA,46.7818659,2.774795068,16.6746,0.64852222,NA,NA,0.64852222
Sapindales,Anacardiaceae,Rhus,Rhus typhina,1174.13,25.20272032,61.38165939,6.885140439,10.3222,0.45,NA,NA,0.45
Saxifragales,Grossulariaceae,Ribes,Ribes hirtellum,NA,15.9,NA,1.2,1.5,NA,NA,NA,NA
Fabales,Fabaceae,Robinia,Robinia pseudoacacia,753.26,36.28686819,51.34381935,17.43678921,17.8953,0.711625294,NA,NA,0.721418526
Rosales,Rosaceae,Rosa,Rosa arkansana,1083.63,17.30560603,53.10684176,0.31,12.6397,NA,NA,NA,NA
Rosales,Rosaceae,Rosa,Rosa blanda,NA,17.48971126,NA,NA,10,NA,NA,NA,NA
Rosales,Rosaceae,Rosa,Rosa carolina,NA,NA,NA,1.52,17.392,NA,NA,NA,NA
Rosales,Rosaceae,Rubus,Rubus allegheniensis,3243.21,26.05,36.60722827,1.055790569,2.2689,NA,NA,NA,NA
Rosales,Rosaceae,Rubus,Rubus canadensis,NA,NA,NA,3,2.3134,NA,NA,NA,NA
Rosales,Rosaceae,Rubus,Rubus flagellaris,NA,NA,NA,0.91,3.2656,NA,NA,NA,NA
Rosales,Rosaceae,Rubus,Rubus idaeus,2198.09,23.31509906,45.57786255,0.939938363,1.7657,NA,NA,NA,NA
Rosales,Rosaceae,Rubus,Rubus occidentalis,545.56,15.7,43.12848477,0.701697348,1.3658,NA,NA,NA,NA
Rosales,Rosaceae,Rubus,Rubus pubescens,4175.16,19.32149063,27.51125441,NA,NA,NA,NA,NA,NA
Asterales,Asteraceae,Rudbeckia,Rudbeckia hirta,465.99,NA,57.45484354,0.519804113,0.3831,0.291413123,NA,NA,0.291413123
Asterales,Asteraceae,Echinacea,Echinacea serotina,949.19,21.4,71.42857143,NA,0.15,NA,NA,NA,NA
Caryophyllales,Polygonaceae,Rumex,Rumex acetosella,161.17,30.12281595,45.38463706,0.179058268,0.4017,0.368824,NA,NA,0.368824
Caryophyllales,Polygonaceae,Rumex,Rumex mexicanus,NA,NA,NA,NA,NA,NA,NA,NA,NA
Caryophyllales,Polygonaceae,Rumex,Rumex britannica,NA,NA,NA,2,1.61,NA,NA,NA,NA
Alismatales,Alismataceae,Sagittaria,Sagittaria latifolia,1321.57,NA,33.3550337,1.49,6.75,NA,NA,NA,NA
Malpighiales,Salicaceae,Salix,Salix bebbiana,NA,21.1,NA,4.36592131,0.18,NA,NA,NA,NA
Malpighiales,Salicaceae,Salix,Salix discolor,1484.53,NA,NA,6.9828361,0.32,NA,NA,NA,NA
Malpighiales,Salicaceae,Salix,Salix petiolaris,NA,NA,NA,7.0104,0.9033,NA,NA,NA,NA
Malpighiales,Salicaceae,Salix,Salix humilis,NA,NA,NA,3.04,0.16,NA,NA,NA,NA
Malpighiales,Salicaceae,Salix,Salix interior,NA,NA,NA,7.07,0.04,NA,NA,NA,NA
Malpighiales,Salicaceae,Salix,Salix pedicellaris,415.42,NA,66.62893316,NA,NA,NA,NA,NA,NA
Malpighiales,Salicaceae,Salix,Salix pyrifolia,NA,NA,NA,7.9248,NA,NA,NA,NA,NA
Malpighiales,Salicaceae,Salix,Salix serissima,NA,NA,NA,NA,0.14,NA,NA,NA,NA
Caryophyllales,Amaranthaceae,Kali,Kali turgidum,NA,NA,NA,NA,NA,NA,NA,NA,NA
Saxifragales,Saxifragaceae,Micranthes,Micranthes pensylvanica,NA,NA,NA,NA,NA,NA,NA,NA,NA
Poales,Poaceae,Schizachne,Schizachne purpurascens,NA,14.3,NA,NA,2.65,NA,NA,NA,NA
Poales,Poaceae,Schizachyrium,Schizachyrium scoparium,570.95,11.98549732,54.25384034,0.769662042,0.7902,0.3160866,NA,NA,0.3160866
Poales,Cyperaceae,Scirpus,Scirpus cyperinus,NA,NA,NA,1.49,0.0193,NA,NA,NA,NA
Poales,Cyperaceae,Eleocharis,Eleocharis geniculata,NA,NA,NA,0.375,0.11,NA,NA,NA,NA
Poales,Cyperaceae,Scleria,Scleria triglomerata,NA,NA,NA,1,4.9,NA,NA,NA,NA
Lamiales,Lamiaceae,Scutellaria,Scutellaria galericulata,494.54,NA,22.24805861,0.234690149,0.7118,NA,0.203665735,0.202590845,0.202590845
Lamiales,Lamiaceae,Scutellaria,Scutellaria lateriflora,821.97,NA,15.88552911,NA,0.32,NA,NA,NA,NA
Lamiales,Lamiaceae,Scutellaria,Scutellaria parvula,69.2,11.71939474,39.6042506,0.144913767,NA,NA,0.32,0.26355,0.26355
Poales,Poaceae,Secale,Secale cereale,NA,25.47546328,NA,1.272720566,26.3882,NA,NA,NA,NA
Asterales,Asteraceae,Packera,Packera aurea,NA,NA,NA,1.18,1,NA,NA,NA,NA
Asterales,Asteraceae,Packera,Packera paupercula,132.34,NA,34.69071776,0.506392365,0.25,NA,0.154272486,0.176708783,0.176708783
Poales,Poaceae,Setaria,Setaria italica,5638.5,14.93452376,41.82350481,0.824186148,2.2444,NA,0.2,0.18029,0.18029
Poales,Poaceae,Cenchrus,Cenchrus americanus,NA,NA,NA,NA,NA,NA,NA,NA,NA
Poales,Poaceae,Setaria,Setaria viridis,936.14,22.70398064,30.98096369,0.296079204,1.2959,NA,0.243910299,0.219282346,0.219282346
Caryophyllales,Caryophyllaceae,Silene,Silene antirrhina,NA,22.69,50,NA,0.0631,NA,NA,NA,NA
Brassicales,Brassicaceae,Sisymbrium,Sisymbrium altissimum,3258.56,NA,47.75188705,0.493639469,0.1921,NA,0.119582607,0.158531286,0.158531286
Asparagales,Iridaceae,Sisyrinchium,Sisyrinchium campestre,369.02,11.81392914,86.53689672,NA,0.46,NA,NA,NA,NA
Asparagales,Asparagaceae,Maianthemum,Maianthemum racemosum,1105.33,17.85337881,49.64568932,NA,32.1827,NA,NA,NA,NA
Asparagales,Asparagaceae,Maianthemum,Maianthemum stellatum,NA,NA,NA,0.6,24.1883,NA,NA,NA,NA
Liliales,Smilacaceae,Smilax,Smilax herbacea,NA,20.2,NA,NA,37.4523,NA,NA,NA,NA
Solanales,Solanaceae,Solanum,Solanum americanum,772.66,NA,43.73003555,0.922288031,1.0997,NA,0.122474487,0.160046631,0.160046631
Solanales,Solanaceae,Solanum,Solanum nigrum,772.66,NA,43.73003555,0.922288031,1.0997,NA,0.122474487,0.160046631,0.160046631
Solanales,Solanaceae,Solanum,Solanum carolinense,NA,23.31918738,60.32258075,NA,2.44,NA,NA,NA,NA
Solanales,Solanaceae,Solanum,Solanum dulcamara,1408.31,39.56191837,28.65708511,1.012282515,1.489,0.23,NA,NA,0.23
Asterales,Asteraceae,Solidago,Solidago altissima,1043.41,NA,57.13982717,2,0.083,NA,NA,NA,NA
Asterales,Asteraceae,Solidago,Solidago canadensis,894.72,16.25032178,60.79755528,0.816947234,0.0752,NA,0.284464623,0.244929462,0.244929462
Asterales,Asteraceae,Solidago,Solidago gigantea,755.98,11.96915806,61.87840822,1.082901854,0.1273,NA,0.306905489,0.256688476,0.256688476
Asterales,Asteraceae,Solidago,Solidago juncea,1535.22,NA,68.87240105,0.806644151,0.2124,NA,0.296918765,0.251455433,0.251455433
Asterales,Asteraceae,Solidago,Solidago missouriensis,876.86,12.70468117,98.76975015,0.91,0.2694,NA,NA,NA,NA
Asterales,Asteraceae,Solidago,Solidago nemoralis,599.65,12.6688421,113.0155216,0.489897949,0.1447,NA,0.44,0.32643,0.32643
Asterales,Asteraceae,Solidago,Solidago rigida,3185.69,12.36782331,106.8108748,1.160868362,0.4925,NA,0.248272578,0.225964831,0.225964831
Asterales,Asteraceae,Solidago,Solidago speciosa,NA,NA,NA,NA,0.2449,NA,NA,NA,NA
Asterales,Asteraceae,Sonchus,Sonchus arvensis,3014.33,NA,46.4623242,0.923438167,0.6611,NA,0.119334766,0.158401418,0.158401418
Poales,Poaceae,Sorghastrum,Sorghastrum nutans,1393.18,12.85095579,63.77797131,1.23708092,1.6951,0.351484641,NA,NA,0.351484641
Poales,Poaceae,Sporobolus,Sporobolus michauxianus,NA,NA,NA,NA,NA,NA,NA,NA,NA
Rosales,Rosaceae,Spiraea,Spiraea alba,3534.25,16.53376834,74.09556554,1.118168413,0.545,NA,NA,NA,NA
Rosales,Rosaceae,Spiraea,Spiraea tomentosa,225,19.39725961,67.35996587,1.347219359,0.41,NA,NA,NA,NA
Poales,Poaceae,Sporobolus,Sporobolus cryptandrus,954.8,12.85275457,55.5247085,0.91,0.0957,NA,NA,NA,NA
Poales,Poaceae,Sporobolus,Sporobolus heterolepis,512.45,9.68,58.4906211,0.7,1.0268,NA,0.40711195,0.364205412,0.364205412
Lamiales,Lamiaceae,Stachys,Stachys palustris,937.13,25,40.62739931,0.553756519,1.0986,NA,0.179722008,0.190044332,0.190044332
Lamiales,Lamiaceae,Stachys,Stachys tenuifolia,1078.35,NA,57.8132004,0.183144534,1.0829,NA,0.317058556,0.262008683,0.262008683
Caryophyllales,Caryophyllaceae,Stellaria,Stellaria longifolia,NA,NA,NA,0.178338907,0.1296,NA,NA,NA,NA
Caryophyllales,Caryophyllaceae,Stellaria,Stellaria media,262.73,33.55153559,20.64641471,0.15232626,0.3667,0.1215332,NA,NA,0.1215332
Poales,Poaceae,Stipa,Stipa spartea,628.82,19.67304416,109.9519369,1.011361577,12.9498,NA,0.425090609,0.380170461,0.380170461
Poales,Poaceae,Stipa,Stipa comata,90,18.42232378,98.80643635,0.414499134,4.469,0.28557585,NA,NA,0.28557585
Poales,Poaceae,Trachypogon,Trachypogon spicatus,NA,11.73846643,NA,0.357211422,NA,NA,NA,NA,NA
Liliales,Liliaceae,Streptopus,Streptopus lanceolatus,NA,16.99530642,NA,NA,NA,NA,NA,NA,NA
Fabales,Fabaceae,Strophostyles,Strophostyles leiosperma,NA,NA,NA,NA,NA,NA,NA,NA,NA
Dipsacales,Caprifoliaceae,Symphoricarpos,Symphoricarpos occidentalis,NA,NA,NA,0.91,5.9918,NA,NA,NA,NA
Asterales,Asteraceae,Taraxacum,Taraxacum campylodes,2930.81,28.5283907,37.94872565,0.174624987,0.6116,0.25662,NA,NA,0.25662
Ranunculales,Ranunculaceae,Thalictrum,Thalictrum dasycarpum,728,11.87968665,39.57261575,0.574804315,2.4059,NA,0.25,0.22687,0.22687
Ranunculales,Ranunculaceae,Thalictrum,Thalictrum dioicum,361.23,16.12068217,19.61450166,0.50036026,2.1308,NA,0.223853327,0.213169143,0.213169143
Commelinales,Commelinaceae,Tradescantia,Tradescantia bracteata,NA,31.91,91.66666667,NA,NA,NA,NA,NA,NA
Commelinales,Commelinaceae,Tradescantia,Tradescantia occidentalis,731.23,19.44325791,61.19421028,0.34,3.1,NA,NA,NA,NA
Asterales,Asteraceae,Tragopogon,Tragopogon duarius,NA,NA,NA,NA,NA,NA,NA,NA,NA
Malpighiales,Hypericaceae,Triadenum,Triadenum fraseri,NA,NA,NA,NA,0.1,NA,NA,NA,NA
Ericales,Primulaceae,Lysimachia,Lysimachia borealis,NA,NA,NA,NA,NA,NA,NA,NA,NA
Fabales,Fabaceae,Trifolium,Trifolium arvense,54.67,25.67953442,49.39021837,0.146673338,0.3968,0.41294,NA,NA,0.41294
Fabales,Fabaceae,Trifolium,Trifolium hybridum,1410.42,42.61312705,43.73732549,0.433453327,0.7191,NA,0.234076542,0.209630967,0.209630967
Fabales,Fabaceae,Trifolium,Trifolium pratense,479.71,39.00307162,43.36656461,0.307332886,1.5576,0.206316975,NA,NA,0.206316975
Fabales,Fabaceae,Trifolium,Trifolium repens,204.05,42.36512452,37.15652491,0.158034098,0.5339,0.1511877,NA,NA,0.1511877
Poales,Typhaceae,Typha,Typha angustifolia,9475.81,14.5327217,142.3432416,1.586970136,0.0941,NA,0.264952826,0.237968109,0.237968109
Poales,Typhaceae,Typha,Typha latifolia,17369.99,14.43017547,94.61265942,1.525828105,0.0576,NA,0.191656794,0.172881233,0.172881233
Rosales,Ulmaceae,Ulmus,Ulmus americana,6018.97,20.49324369,82.59079415,37.07386112,5.4276,0.497493719,NA,NA,0.497493719
Rosales,Ulmaceae,Ulmus,Ulmus pumila,964.34,29.29558755,100.3191665,12.52952845,6.254,0.539907399,NA,NA,0.539907399
Rosales,Urticaceae,Urtica,Urtica dioica,1552.74,42.91725378,34.57528752,0.88302413,0.1399,0.11823,NA,NA,0.11823
Liliales,Colchicaceae,Uvularia,Uvularia sessilifolia,NA,25.4,NA,NA,NA,NA,NA,NA,NA
Ericales,Ericaceae,Vaccinium,Vaccinium angustifolium,256.67,15.08929337,46.31589197,0.876611661,0.22,NA,NA,NA,NA
Ericales,Ericaceae,Vaccinium,Vaccinium myrtilloides,293.99,15.78529749,68.39526809,4.389760814,0.2,NA,NA,NA,NA
Lamiales,Scrophulariaceae,Verbascum,Verbascum thapsus,7045.53,21.62377164,66.69203677,0.879252976,0.0886,0.231461214,NA,NA,0.231461214
Lamiales,Verbenaceae,Verbena,Verbena bracteata,260,25.13,50.76142132,0.15,0.4827,0.223757056,NA,NA,0.223757056
Lamiales,Verbenaceae,Verbena,Verbena hastata,1473.42,24.73551851,62.98890041,0.914520558,0.225,NA,0.310091565,0.25835798,0.25835798
Lamiales,Verbenaceae,Verbena,Verbena stricta,902.18,10.6,73.9973339,0.848329642,1.0374,NA,0.268415404,0.236519672,0.236519672
Asterales,Asteraceae,Vernonia,Vernonia fasciculata,NA,NA,NA,NA,1.3909,NA,NA,NA,NA
Lamiales,Plantaginaceae,Veronicastrum,Veronicastrum virginicum,915.7,NA,89.57105855,0.6847936,0.0529,NA,0.318119561,0.26256465,0.26256465
Dipsacales,Adoxaceae,Viburnum,Viburnum lentago,2048.62,22.42,25.87322122,8.53,69.6362,NA,NA,NA,NA
Fabales,Fabaceae,Vicia,Vicia sativa,75,51.27367746,42.80722048,0.449866573,20.6355,0.171666667,NA,NA,0.171666667
Fabales,Fabaceae,Vicia,Vicia villosa,NA,29.6,38.81681257,0.696873274,34.8352,NA,0.16,0.15837,0.15837
Malpighiales,Violaceae,Viola,Viola macloskeyi,148.06,NA,22.30432871,0.15,0.46,NA,NA,NA,NA
Malpighiales,Violaceae,Viola,Viola palustris,1064.48,NA,27.2896899,0.096350888,0.7335,NA,0.166189748,0.182953428,0.182953428
Malpighiales,Violaceae,Viola,Viola pedata,NA,NA,NA,NA,0.92,NA,NA,NA,NA
Malpighiales,Violaceae,Viola,Viola pedatifida,1205.84,14.72956009,63.27115087,NA,NA,NA,NA,NA,NA
Malpighiales,Violaceae,Viola,Viola sagittata,973.58,11.32152101,60.20421035,0.116619038,0.53,NA,0.213120447,0.207545114,0.207545114
Malpighiales,Violaceae,Viola,Viola selkirkii,NA,NA,NA,0.1,0.61,NA,NA,NA,NA
Vitales,Vitaceae,Vitis,Vitis vulpina,8799.85,27.48953574,57.42649787,11.75826974,38.1585,NA,NA,NA,NA
Poales,Xyridaceae,Xyris,Xyris torta,NA,NA,NA,NA,NA,NA,NA,NA,NA
Sapindales,Rutaceae,Zanthoxylum,Zanthoxylum americanum,NA,NA,NA,7.768551989,14.0124,NA,NA,NA,NA
Apiales,Apiaceae,Zizia,Zizia aptera,7059.99,17.00897883,24.95843747,NA,1.7523,NA,NA,NA,NA
Apiales,Apiaceae,Zizia,Zizia aurea,5472.12,26.92,63.1220478,0.722170604,2.2215,NA,0.276060368,0.240525633,0.240525633
Ginkgoales,Ginkgoaceae,Ginkgo,Ginkgo biloba,1336,20.3,92.28989146,32.82584596,1083.9307,0.45,NA,NA,0.45
