"","Species","Functional.group","Duration","Lifeform","Pathway","Taxon","Specid","X5Lspecid","Origin","ITISTaxon","ITISRecognizedName","Family","CountSpecies","New.name..USDA.","Comment"
"1","16 Species Weeds","Unknown","Unknown","Unknown","Unknown","996","","","Unknown",NA,"","Unknown","","","Used for Exp 141; 16 planted species are taxa 501, 100, 400, 102, 504, 510, 139, 105, 145, 403, 417, 416, 117, 103, 562, 120"
"2","Acer negundo","W","Perennial","Woody","C3","317","Acernegu","Acene","Native","28749","Acer negundo","Aceraceae","Y","",""
"3","Acer rubrum","W","Perennial","Woody","C3","324","Acerrubr","Aceru","Native","28728","Acer rubrum","Aceraceae","Y","",""
"4","Acer sp.","W","Perennial","Woody","C3","359","Acersp","Acesp","Unknown",NA,"","Aceraceae","Y","",""
"5","Achillea millefolium (lanulosa)","F","Perennial","Non-legume forb","C3","501","Achimill","Achmi","Native","35423","Achillea millefolium","Asteraceae","Y","",""
"6","Achillea sp.","F","Perennial","Non-legume forb","C3","571","Achillsp","Achsp","Unknown",NA,"","Asteraceae","Y","",""
"7","Agastache foeniculum","F","Perennial","Non-legume forb","C3","572","Agasfoen","Agafo","Native","32440","Agastache foeniculum","Lamiaceae","Y","",""
"8","Agrimonia sp.","F","Perennial","Non-legume forb","","1010","","","Native and/or Introduced",NA,"","Rosaceae","","",""
"9","Agropyron repens","C3","Perennial","Grass","C3","100","Agrorepe","Agrre","Introduced","40382","Agropyron repens","Poaceae","Y","",""
"10","Agropyron smithii","C3","Perennial","Grass","C3","108","Agrosmit","Agrsm","Native","40385","Agropyron smithii","Poaceae","Y","",""
"11","Agrostis alba","C3","Perennial","Grass","C3","142","Agroalba","Agral","Introduced","40390","Agrostis alba","Poaceae","Y","",""
"12","Agrostis scabra","C3","Perennial","Grass","C3","101","Agroscab","Agrsc","Native","40424","Agrostis scabra","Poaceae","Y","",""
"13","Agrostis sp.","C3","Perennial","Grass","C3","136","Agrostsp","Agrsp","Unknown",NA,"","Poaceae","Y","",""
"14","Allium cernuum","F","Perennial","Non-legume forb","C3","720","Allicern","Allce","Native","42721","Allium cernuum","Lilliaceae","Y","",""
"15","Allium sp.","F","Perennial","Non-legume forb","C3","770","Alliumsp","Allsp","Native and/or Introduced",NA,"","Lilliaceae","Y","",""
"16","Allium stellatum","F","Perennial","Non-legume forb","C3","582","Allistel","Allst","Native","42669","Allium stellatum","Lilliaceae","Y","",""
"17","Alnus incana","W","Perennial","Woody","C3","382","Alnuinca","Alnin","Native",NA,"","Betulaceae","Y","",""
"18","Alnus rugosa","W","Perennial","Woody","C3","327","Alnurugo","Alnru","Native","19475","Alnus rugosa","Betulaceae","Y","",""
"19","Amaranthus retroflexus","F","Annual","Non-legume forb","C4","768","Amarretr","Amare","Introduced","20745","Amaranthus retroflexus","Amaranthaceae","Y","",""
"20","Ambrosia artemisiifolia elatior","F","Annual","Non-legume forb","C3","503","Ambrarte","Ambar","Native","182420","Ambrosia artemisiifolia elatior","Asteraceae","Y","",""
"21","Ambrosia coronopifolia","F","Perennial","Non-legume forb","C3","502","Ambrcoro","Ambco","Native","182425","Ambrosia coronopifolia","Asteraceae","Y","",""
"22","Amelanchier alnifolia","W","Perennial","Woody","","1012","","","Native",NA,"","Rosaceae","","",""
"23","Amelanchier arborea","W","Perennial","Woody","","1013","","","Native",NA,"","Rosaceae","","",""
"24","Amelanchier humilis","W","Perennial","Woody","","1014","","","Native",NA,"","Rosaceae","","",""
"25","Amelanchier intermedia","W","Perennial","Woody","","1015","","","Native",NA,"","Rosaceae","","",""
"26","Amelanchier laevis","W","Perennial","Woody","","1016","","","Native",NA,"","Rosaceae","","",""
"27","Amelanchier sanguinea","W","Perennial","Woody","","1017","","","Native",NA,"","Rosaceae","","",""
"28","Amelanchier sp.","W","Perennial","Woody","C3","334","Amelansp","Amesp","Native",NA,"","Rosaceae","Y","",""
"29","Amorpha canescens","L","Perennial","Legume","C3","400","Amorcane","Amoca","Native","25371","Amorpha canescens","Fabaceae","Y","",""
"30","Amphicarpa bracteata","L","Annual","Legume","C3","401","Amphbrac","Ampbr","Introduced","25388","Amphicarpa bracteata","Fabaceae","Y","",""
"31","Andropogon gerardi","C4","Perennial","Grass","C4","102","Andrgera","Andge","Native","40462","Andropogon gerardii","Poaceae","Y","",""
"32","Anemone cylindrica","F","Perennial","Non-legume forb","C3","504","Anemcyli","Anecy","Native","18438","Anemone cylindrica","Ranunculaceae","Y","",""
"33","Anemone patens","F","Perennial","Non-legume forb","C3","721","Anempate","Anepa","Native","508854","Anemone patens","Ranunculaceae","Y","",""
"34","Anemone quinquefolia","F","Perennial","Non-legume forb","C3","751","Anemquin","Anequ","Native","18448","Anemone quinquefolia","Ranunculaceae","Y","",""
"35","Anemone virginiana","F","Perennial","Non-legume forb","C3","611","Anemvirg","Anevi","Native","18451","Anemone virginiana","Ranunculaceae","Y","",""
"36","Annuals","Unknown","Annual","Unknown","Unknown","981","Annuals","Annua","Unknown",NA,"","Unknown","Y","",""
"37","Antennaria fallax","F","Perennial","Non-legume forb","C3","622","Antefall","Antfa","Native","36729","Antennaria fallax","Asteraceae","Y","",""
"38","Antennaria neglecta","F","Perennial","Non-legume forb","C3","505","Antenegl","Antne","Native","36745","Antennaria neglecta","Asteraceae","Y","",""
"39","Antennaria plantaginifolia","F","Perennial","Non-legume forb","C3","662","Anteplan","Antpl","Native","36717","Antennaria plantaginifolia","Asteraceae","Y","",""
"40","Antennaria sp.","F","Perennial","Non-legume forb","C3","645","Antennsp","Antsp","Native",NA,"","Asteraceae","Y","",""
"41","Apocynum androsaemifolium","F","Perennial","Non-legume forb","C3","708","Apocandr","Apoan","Native","30156","Apocynum androsaemifolium","Apocynaceae","Y","",""
"42","Apocynum cannabinum","F","Perennial","Non-legume forb","C3","573","Apoccann","Apoca","Native","30157","Apocynum cannabinum","Apocynaceae","Y","",""
"43","Apocynum sibiricum","F","Perennial","Non-legume forb","","1018","","","Native",NA,"","Apocynaceae","","",""
"44","Apocynum sp.","F","Perennial","Non-legume forb","C3","663","Apocynsp","Aposp","Unknown",NA,"","Apocynaceae","Y","",""
"45","Aquilegia canadensis","F","Perennial","Non-legume forb","C3","639","Aquicana","Aquca","Native","18730","Aquilegia canadensis","Ranunculaceae","Y","",""
"46","Arabis divaricarpa","F","Biennial","Non-legume forb","C3","574","Arabdiva","Aradi","Native","22688","Arabis divaricarpa","Brassicaceae","Y","",""
"47","Arabis glabra","F","Biennial","Non-legume forb","C3","575","Arabglab","Aragl","Native","22695","Arabis glabra","Brassicaceae","Y","",""
"48","Arabis hirsuta","F","Biennial","Non-legume forb","C3","617","Arabhirs","Arahi","Native","184344","Arabis hirsuta","Brassicaceae","Y","",""
"49","Arabis sp.","F","Biennial","Non-legume forb","C3","506","Arabissp","Arasp","Unknown",NA,"","Brassicaceae","Y","",""
"50","Aralia nudicaulis","F","Perennial","Non-legume forb","C3","667","Aralnudi","Aranu","Native","29376","Aralia nudicaulis","Araliaceae","Y","",""
"51","Arenaria lateriflora","F","Perennial","Non-legume forb","C3","576","Arenlate","Arela","Native","509055","Arenaria lateriflora","Caryophyllaceae","Y","",""
"52","Aristida basiramea","C4","Annual","Grass","C4","123","Arisbasi","Ariba","Native","41412","Aristida basiramea","Poaceae","Y","",""
"53","Aristida sp.","C4","Annual","Grass","C4","138","Aristisp","Arisp","Unknown",NA,"","Poaceae","Y","",""
"54","Aristida tuberculosa","C4","Annual","Grass","C4","154","Aristube","Aritu","Native","41436","Aristida tuberculosa","Poaceae","Y","",""
"55","Aronia melanocarpa","W","Perennial","Woody","C3","353","Aronmela","Arome","Native","25127","Aronia melanocarpa","Rosaceae","Y","",""
"56","Artemisia (caudata) campestris","F","Biennial","Non-legume forb","C3","507","Artecaud","Artca","Native","183748","Artemisia campestris","Asteraceae","Y","",""
"57","Artemisia ludoviciana","F","Perennial","Non-legume forb","C3","508","Arteludo","Artlu","Native","35474","Artemisia ludoviciana","Asteraceae","Y","",""
"58","Artemisia sp.","F","Unknown","Non-legume forb","C3","772","Artemisp","Artsp","Native and/or Introduced",NA,"","Asteraceae","Y","",""
"59","Asclepias exaltata","F","Perennial","Non-legume forb","","1019","","","Native",NA,"","Asclepiadaceae","","",""
"60","Asclepias incarnata","F","Perennial","Non-legume forb","C3","500","Asclinca","Ascin","Native","30241","Asclepias incarnata","Asclepiaceae","Y","",""
"61","Asclepias ovalifolia","F","Perennial","Non-legume forb","C3","577","Ascloval","Ascov","Native","30291","Asclepias ovalifolia","Asclepiaceae","Y","",""
"62","Asclepias sp.","F","Perennial","Non-legume forb","C3","609","Asclepsp","Ascsp","Unknown",NA,"","Asclepiaceae","Y","",""
"63","Asclepias syriaca","F","Perennial","Non-legume forb","C3","509","Asclsyri","Ascsy","Native","30310","Asclepias syriaca","Asclepiaceae","Y","",""
"64","Asclepias tuberosa","F","Perennial","Non-legume forb","C3","510","Ascltube","Asctu","Native","30313","Asclepias tuberosa","Asclepiaceae","Y","",""
"65","Asclepias verticillata","F","Perennial","Non-legume forb","C3","621","Asclvert","Ascve","Native","30320","Asclepias verticillata","Asclepiaceae","Y","",""
"66","Asclepias viridiflora","F","Perennial","Non-legume forb","C3","782","Asclviri","Ascvi","Native","30322","Asclepias viridiflora","Asclepiaceae","Y","",""
"67","Asparagus officinalis","F","Perennial","Non-legume forb","C3","654","Aspaoffi","Aspof","Introduced","42784","Asparagus officinalis","Lilliaceae","Y","",""
"68","Aster azureus","F","Perennial","Non-legume forb","C3","512","Asteazur","Astaz","Native","35528","Aster azureus","Asteraceae","Y","",""
"69","Aster ericoides","F","Perennial","Non-legume forb","C3","511","Asteeric","Aster","Native","35564","Aster ericoides","Asteraceae","Y","",""
"70","Aster junciformis","F","Perennial","Non-legume forb","C3","632","Astejunc","Astju","Native","35596","Aster junciformis","Asteraceae","Y","",""
"71","Aster lanceolatus (var. simplex)","F","Perennial","Non-legume forb","","1020","","","Native",NA,"","Asteraceae","","Symphyotrichum lanceolatum (Willd.) G.L. Nesom var. lanceolatum ",""
"72","Aster macrophyllus","F","Perennial","Non-legume forb","","1021","","","Native",NA,"","Asteraceae","","",""
"73","Aster novae-angliae","F","Perennial","Non-legume forb","C3","722","Astenova","Astno","Native","35613","Aster novae-angliae","Asteraceae","Y","",""
"74","Aster ptarmicoides","F","Perennial","Non-legume forb","C3","723","Asteptar","Astpt","Native","509304","Aster ptarmicoides","Asteraceae","Y","",""
"75","Aster puniceus","F","Perennial","Non-legume forb","C3","702","Astepuni","Astpu","Native","35512","Aster puniceus","Asteraceae","Y","",""
"76","Aster simplex","F","Perennial","Non-legume forb","C3","643","Astesimp","Astsi","Native","35514","Aster simplex","Asteraceae","Y","",""
"77","Aster sp.","F","Perennial","Non-legume forb","C3","578","Astersp","Astsp","Native",NA,"","Asteraceae","Y","",""
"78","Aster umbellatus","F","Perennial","Non-legume forb","C3","646","Asteumbe","Astum","Native","35671","Aster umbellatus","Asteraceae","Y","",""
"79","Astragalus canadensis","L","Perennial","Legume","C3","411","Astrcana","Astca","Native","25451","Astragalus canadensis","Fabaceae","Y","",""
"80","Athyrium angustum","O","Perennial","Fern","C3","14","Athyangu","Athan","Native","192161","Athyrium angustum","Aspleniaceae","Y","",""
"81","Baptisia leucantha","L","Perennial","Legume","C3","415","Baptleuc","Baple","Native","192833","Baptisia leucantha","Fabaceae","Y","",""
"82","Barbarea vulgaris","F","Annual","Non-legume forb","C3","774","Barbvulg","Barvu","Introduced","22741","Barbarea vulgaris","Brassicaceae","Y","",""
"83","Bare ground",NA,NA,NA,NA,"0","Baregrou","Bargr",NA,NA,"",NA,"N","",""
"84","Berteroa incana","F","Biennial","Non-legume forb","C3","513","Bertinca","Berin","Introduced","23052","Berteroa incana","Brassicaceae","Y","",""
"85","Betula allegheniensis","W","Perennial","Woody","","1005","","","Native",NA,"","Betulaceae","","Betula alleghaniensis",""
"86","Betula papyrifera","W","Perennial","Woody","C3","330","Betupapy","Betpa","Native","19489","Betula papyrifera","Betulaceae","Y","",""
"87","Betula pumila","W","Perennial","Woody","C3","331","Betupumi","Betpu","Native","19498","Betula pumila","Betulaceae","Y","",""
"88","Bidens cernua","F","Annual","Non-legume forb","C3","647","Bidecern","Bidce","Native","35710","Bidens cernua","Asteraceae","Y","",""
"89","Bidens coronata","F","Biennial","Non-legume forb","C3","648","Bidecoro","Bidco","Native","35706","Bidens coronata","Asteraceae","Y","",""
"90","Bidens sp.","F","Unknown","Non-legume forb","C3","669","Bidenssp","Bidsp","Unknown",NA,"","Asteraceae","Y","",""
"91","Bidens tripartita","F","Annual","Non-legume forb","C3","649","Bidetrip","Bidtr","Introduced","35709","Bidens tripartita","Asteraceae","Y","",""
"92","Botrichium sp.","O","Perennial","Fern","C3","6","Botricsp","Botsp","Native",NA,"Botrychium sp.","Ophioglossaceae","Y","Botrychium",""
"93","Bouteloua curtipendula","C4","Perennial","Grass","C4","151","Boutcurt","Boucu","Native","41500","Bouteloua curtipendula","Poaceae","Y","",""
"94","Bouteloua gracilis","C4","Perennial","Grass","C4","139","Boutgrac","Bougr","Native","41493","Bouteloua gracilis","Poaceae","Y","",""
"95","Bouteloua hirsuta","C4","Perennial","Grass","C4","104","Bouthirs","Bouhi","Native","41502","Bouteloua hirsuta","Poaceae","Y","",""
"96","Bouteloua sp.","C4","Unknown","Grass","C4","163","Boutelsp","Bousp","Native and/or Introduced",NA,"","Poaceae","Y","",""
"97","Bromus ciliatus","C3","Perennial","Grass","C3","156","Bromcili","Broci","Native","40496","Bromus ciliatus","Poaceae","Y","",""
"98","Bromus inermis","C3","Perennial","Grass","C3","105","Brominer","Broin","Introduced","40502","Bromus inermis","Poaceae","Y","",""
"99","Bromus kalmii","C3","Perennial","Grass","C3","161","Bromkalm","Broka","Native","40503","Bromus kalmii","Poaceae","Y","",""
"100","Bromus sp.","C3","Perennial","Grass","C3","124","Bromussp","Brosp","Introduced",NA,"","Poaceae","Y","",""
"101","Bromus tectorum","C3","Perennial","Grass","C3","172","Bromtect","Brote","Introduced","40524","Bromus tectorum","Poaceae","Y","",""
"102","Buchloe dactyloides","C4","Perennial","Grass","C4","130","Buchdact","Bucda","Native","41533","Buchloe dactyloides","Poaceae","Y","",""
"103","Calamagrostis canadensis","C3","Perennial","Grass","C3","125","Calacana","Calca","Native","40544","Calamagrostis canadensis","Poaceae","Y","",""
"104","Calamagrostis inexpansa","C3","Perennial","Grass","C3","147","Calainex","Calin","Native","40551","Calamagrostis inexpansa","Poaceae","Y","",""
"105","Calamagrostis sp.","C3","Perennial","Grass","C3","157","Calamasp","Calsp","Unknown",NA,"","Poaceae","Y","",""
"106","Calamovilfa longifolia","C4","Perennial","Grass","C4","126","Calalong","Callo","Native","41539","Calamovilfa longifolia","Poaceae","Y","",""
"107","Calamovilfa sp.","C4","Perennial","Grass","C4","127","Calamosp","Calsp","Native",NA,"","Poaceae","Y","",""
"108","Caltha palustris","F","Perennial","Non-legume forb","C3","724","Caltpalu","Calpa","Native","18454","Caltha palustris","Ranunculaceae","Y","",""
"109","Campanula aparinoides","F","Perennial","Non-legume forb","C3","674","Campapar","Camap","Native","34476","Campanula aparinoides","Campanulaceae","Y","",""
"110","Campanula rotundifolia","F","Perennial","Non-legume forb","C3","579","Camprotu","Camro","Native","34497","Campanula rotundifolia","Campanulaceae","Y","",""
"111","Campanula sp.","F","Unknown","Non-legume forb","C3","748","Campansp","Camsp","Unknown",NA,"","Campanulaceae","Y","",""
"112","Canopy cover",NA,NA,NA,NA,"809","Canocove","Canco",NA,NA,"",NA,"N","",""
"113","Capsella bursa-pastoris","F","Annual","Non-legume forb","C3","773","Capsburs","Capbu","Introduced","22766","Capsella bursa-pastoris","Brassicaceae","Y","",""
"114","Carex bebbii","S","Perennial","Sedge","C3","219","Carebebb","Carbe","Native","39520","Carex bebbii","Cyperaceae","Y","",""
"115","Carex bicknelli","S","Perennial","Sedge","","1023","","","Native",NA,"","Cyperaceae","","",""
"116","Carex canescens","S","Perennial","Sedge","C3","203","Carecane","Carca","Native","39447","Carex canescens","Cyperaceae","Y","",""
"117","Carex cephalantha","S","Perennial","Sedge","C3","216","Careceph","Carce","Native","510172","Carex cephalantha","Cyperaceae","Y","",""
"118","Carex chordorrhiza","S","Perennial","Sedge","C3","204","Carechor","Carch","Native","39547","Carex chordorrhiza","Cyperaceae","Y","",""
"119","Carex comosa","S","Perennial","Sedge","C3","205","Carecomo","Carco","Native","39384","Carex comosa","Cyperaceae","Y","",""
"120","Carex diandra","S","Perennial","Sedge","C3","206","Caredian","Cardi","Native","39448","Carex diandra","Cyperaceae","Y","",""
"121","Carex disperma","S","Perennial","Sedge","C3","207","Caredisp","Cardi","Native","39577","Carex disperma","Cyperaceae","Y","",""
"122","Carex foenea","S","Perennial","Sedge","C3","201","Carefoen","Carfo","Native","39607","Carex foenea","Cyperaceae","Y","",""
"123","Carex gracillima","S","Perennial","Sedge","C3","220","Caregrac","Cargr","Native","39620","Carex gracillima","Cyperaceae","Y","",""
"124","Carex haydenii","S","Perennial","Sedge","C3","208","Carehayd","Carha","Native","39630","Carex haydenii","Cyperaceae","Y","",""
"125","Carex interior","S","Perennial","Sedge","C3","217","Careinte","Carin","Native","39652","Carex interior","Cyperaceae","Y","",""
"126","Carex lacustris","S","Perennial","Sedge","C3","209","Carelacu","Carla","Native","39409","Carex lacustris","Cyperaceae","Y","",""
"127","Carex lanuginosa","S","Perennial","Sedge","C3","210","Carelanu","Carla","Native","39458","Carex lanuginosa","Cyperaceae","Y","",""
"128","Carex lasiocarpa","S","Perennial","Sedge","C3","211","Carelasi","Carla","Native","39459","Carex lasiocarpa","Cyperaceae","Y","",""
"129","Carex muhlenbergii","S","Perennial","Sedge","C3","218","Caremuhl","Carmu","Native","39423","Carex muehlenbergii","Cyperaceae","Y","",""
"130","Carex oligosperma","S","Perennial","Sedge","C3","212","Careolig","Carol","Native","39729","Carex oligosperma","Cyperaceae","Y","",""
"131","Carex pensylvanicus","S","Perennial","Sedge","C3","202","Carepens","Carpe","Native","39749","Carex pensylvanica","Cyperaceae","Y","",""
"132","Carex rostrata","S","Perennial","Sedge","C3","213","Carerost","Carro","Native","39464","Carex rostrata","Cyperaceae","Y","",""
"133","Carex scoparia","S","Perennial","Sedge","C3","214","Carescop","Carsc","Native","39432","Carex scoparia","Cyperaceae","Y","",""
"134","Carex sp.","S","Perennial","Sedge","C3","200","Carexsp","Carsp","Native",NA,"","Cyperaceae","Y","",""
"135","Carex stricta","S","Perennial","Sedge","C3","215","Carestri","Carst","Native","39435","Carex stricta","Cyperaceae","Y","",""
"136","Cassia fasciculata","L","Perennial","Legume","C3","421","Cassfasc","Casfa","Native","25736","Cassia fasciculata","Fabaceae","Y","",""
"137","Ceanothus americanus","W","Perennial","Woody","C3","325","Ceanamer","Ceaam","Native","28454","Ceanothus americanus","Rhamnaceae","Y","",""
"138","Celastrus scandens","W","Perennial","Woody","C3","341","Celascan","Celsc","Native","27974","Celastrus scandens","Celastraceae","Y","",""
"139","Cenchrus longispinus","C4","Annual","Grass","C4","106","Cenclong","Cenlo","Native","40570","Cenchrus longispinus","Poaceae","Y","",""
"140","Chamaedaphne calyculata","W","Perennial","Woody","C3","337","Chamcaly","Chaca","Native","23637","Chamaedaphne calyculata","Ericaceae","Y","",""
"141","Chenopodium album","F","Annual","Non-legume forb","C3","514","Chenalbu","Cheal","Introduced","20592","Chenopodium album","Chenopodiaceae","Y","",""
"142","Chenopodium hybridum","F","Annual","Non-legume forb","Cx","764","Chenhybr","Chehy","Native","20639","Chenopodium hybridum","Chenopodiaceae","Y","",""
"143","Chenopodium leptophyllum","F","Annual","Non-legume forb","C3","515","Chenlept","Chele","Native","20616","Chenopodium leptophyllum","Chenopodiaceae","Y","",""
"144","Chenopodium sp.","F","Unknown","Non-legume forb","C3","757","Chenopsp","Chesp","Unknown",NA,"","Chenopodiaceae","Y","",""
"145","Chrysopsis villosa","F","Perennial","Non-legume forb","C3","516","Chryvill","Chrvi","Native","510984","Chrysopsis villosa","Asteraceae","Y","",""
"146","Cicuta bulbifera","F","Perennial","Non-legume forb","C3","676","Cicubulb","Cicbu","Native","29459","Cicuta bulbifera","Apiaceae","Y","",""
"147","Circaea lutetiana","F","Perennial","Non-legume forb","C3","781","Circlute","Cirlu","Native","27568","Circaea lutetiana","Onagraceae","Y","",""
"148","Circaea quadrisulcata","F","Perennial","Non-legume forb","","1024","","","Native",NA,"","Onagraceae","","Circaea lutetiana L. subsp. canadensis (L.) Asch. & Magnus ",""
"149","Cirsium arvense","F","Perennial","Non-legume forb","C3","580","Cirsarve","Cirar","Introduced","36335","Cirsium arvense","Asteraceae","Y","",""
"150","Cirsium discolor","F","Biennial, Perennial","Non-legume forb","C3","763","Cirsdisc","Cirdi","Native","36362","Cirsium discolor","Asteraceae","Y","",""
"151","Cirsium sp.","F","Perennial","Non-legume forb","C3","616","Cirsiusp","Cirsp","Unknown",NA,"","Asteraceae","Y","",""
"152","Cladonia Lichens","O","Unknown","Moss & lichens","Unknown","1025","","","Unknown",NA,"","Unknown","","Cladina",""
"153","Comandra richardsiana","F","Perennial","Non-legume forb","C3","581","Comarich","Comri","Native","511249","Comandra richardsiana","Santalaceae","Y","",""
"154","Comandra umbellata","F","Perennial","Non-legume forb","","1026","","","Native",NA,"","Santalaceae","","",""
"155","Convolvulus arvensis","F","Perennial","Non-legume forb","C3","517","Convarve","Conar","Introduced","30705","Convolvulus arvensis","Convolvulaceae","Y","",""
"156","Conyza canadensis","F","Annual, biennial","Non-legume forb","","1027","","","Native",NA,"","Asteraceae","","",""
"157","Coreopsis palmata","F","Perennial","Non-legume forb","C3","518","Corepalm","Corpa","Native","37148","Coreopsis palmata","Asteraceae","Y","",""
"158","Corn litter",NA,NA,NA,NA,"90","Cornlitt","Corli",NA,NA,"",NA,"","",""
"159","Cornus alternifolia","W","Perennial","Woody","C3","379","Cornalte","Coral","Native",NA,"","Cornaceae","Y","",""
"160","Cornus racemosa","W","Perennial","Woody","C3","339","Cornrace","Corra","Native","501635","Cornus racemosa","Cornaceae","Y","",""
"161","Cornus sp.","W","Perennial","Woody","C3","340","Cornussp","Corsp","Unknown",NA,"","Cornaceae","Y","",""
"162","Cornus stolonifera","W","Perennial","Woody","C3","322","Cornstol","Corst","Native","27818","Cornus stolonifera","Cornaceae","Y","",""
"163","Corylus americanus","W","Perennial","Woody","C3","313","Coryamer","Coram","Native","19506","Corylus americana","Betulaceae","Y","",""
"164","Cotyledons","Unknown","Unknown","Unknown","Unknown","810","Cotyled","Cotyl","Unknown",NA,"","Unknown","Y","",""
"165","Crepis tectorum","F","Annual","Non-legume forb","C3","519","Creptect","Crete","Introduced","37212","Crepis tectorum","Asteraceae","Y","",""
"166","Cryptogams","O","Unknown","Moss & lichens","Unknown","50","Cryptog","Crypt","Unknown",NA,"","Unknown","N","",""
"167","Cycloloma atriplicifolium","F","Annual","Non-legume forb","Cx","765","Cyclatri","Cycat","Native","20685","Cycloloma atriplicifolium","Chenopodiaceae","Y","",""
"168","Cyperus filiculmis","S","Perennial","Sedge","C4","230","Cypefili","Cypfi","Native","39890","Cyperus filiculmis","Cyperaceae","Y","",""
"169","Cyperus schweinitzii","S","Perennial","Sedge","C4","232","Cypeschw","Cypsc","Native","39963","Cyperus schweinitzii","Cyperaceae","Y","",""
"170","Cyperus sp.","S","Perennial","Sedge","C4","231","Cyperusp","Cypsp","Native",NA,"","Cyperaceae","Y","",""
"171","Cyperus strigosus","S","Perennial","Sedge","C4","233","Cypestri","Cypst","Native","39901","Cyperus strigosus","Cyperaceae","Y","",""
"172","Danthonia spicata","C3","Perennial","Grass","C3","162","Dantspic","Dansp","Native","41642","Danthonia spicata","Poaceae","Y","",""
"173","Delphinium virescens","F","Perennial","Non-legume forb","C3","520","Delpvire","Delvi","Native","18524","Delphinium virescens","Ranunculaceae","Y","",""
"174","Desmodium canadense","L","Perennial","Legume","C3","407","Desmcana","Desca","Native","25791","Desmodium canadense","Fabaceae","Y","",""
"175","Desmodium glutinosum","L","Perennial","Legume","C3","783","Desmglut","Desgl","Native","25800","Desmodium glutinosum","Fabaceae","Y","",""
"176","Digitaria ischaemum","C4","Annual","Grass","C4","135","Digiisch","Digis","Introduced","40637","Digitaria ischaemum","Poaceae","Y","",""
"177","Digitaria sanguinalis","C4","Annual","Grass","C4","129","Digisang","Digsa","Introduced","40604","Digitaria sanguinalis","Poaceae","Y","",""
"178","Digitaria sp.","C4","Annual","Grass","C4","164","Digitasp","Digsp","Unknown",NA,"","Poaceae","Y","",""
"179","Disturbance",NA,NA,NA,NA,"805","Disturb","Distu","Unknown",NA,"",NA,"N","",""
"180","Dryopteris cristata","O","Perennial","Fern","C3","8","Dryocris","Drycr","Native","17531","Dryopteris cristata","Aspleniaceae","Y","",""
"181","Dryopteris spinulosa","O","Perennial","Fern","C3","1028","","","Native",NA,"","Dryopteridaceae","","Dryopteris carthusiana",""
"182","Dulichium arundinaceum","S","Perennial","Sedge","C3","234","Duliarun","Dular","Native","40009","Dulichium arundinaceum","Cyperaceae","Y","",""
"183","Echinacea purpurea","F","Perennial","Non-legume forb","C3","725","Echipurp","Echpu","Native","37281","Echinacea purpurea","Asteraceae","Y","",""
"184","Eleocharis sp.","S","Unknown","Sedge","C3","235","Eleochsp","Elesp","Native and/or Introduced",NA,"","Cyperaceae","Y","",""
"185","Elymus canadensis","C3","Perennial","Grass","C3","140","Elymcana","Elyca","Native","40683","Elymus canadensis","Poaceae","Y","",""
"186","Elymus trachycaulus","G","Perennial","Grass","","1029","","","Native",NA,"","Poaceae","","",""
"187","Epilobium angustifolium","F","Perennial","Non-legume forb","C3","726","Epilangu","Epian","Native","27284","Epilobium angustifolium","Onagraceae","Y","",""
"188","Epilobium ciliatum","F","Perennial","Non-legume forb","C3","709","Epilcili","Epici","Native","27293","Epilobium ciliatum","Onagraceae","Y","",""
"189","Epilobium glandulosum","F","Perennial","Non-legume forb","C3","767","Epilglan","Epigl","Native","512918","Epilobium glandulosum","Onagraceae","Y","",""
"190","Epilobium leptophyllum","F","Perennial","Non-legume forb","C3","677","Epillept","Epile","Native","27311","Epilobium leptophyllum","Onagraceae","Y","",""
"191","Epilobium sp.","F","Unknown","Non-legume forb","C3","678","Epilobsp","Episp","Native and/or Introduced",NA,"","Onagraceae","Y","",""
"192","Equisetum arvense","O","Perennial","Horsetail","C3","7","Equiarve","Equar","Native","17152","Equisetum arvense","Equisetaceae","Y","",""
"193","Equisetum hyemale","O","Perennial","Horsetail","C3","18","Equihyem","Equhy","Native","17154","Equisetum hyemale","Equisetaceae","Y","",""
"194","Equisetum laevigatum","O","Perennial","Horsetail","C3","1","Equilaev","Equla","Native","17156","Equisetum laevigatum","Equisetaceae","Y","",""
"195","Equisetum sp.","O","Perennial","Horsetail","C3","16","Equisesp","Equsp","Native",NA,"","Equisetaceae","Y","",""
"196","Eragrostis spectabilis","C4","Perennial","Grass","C4","107","Eragspec","Erasp","Native","40717","Eragrostis spectabilis","Poaceae","Y","",""
"197","Eragrostis trichodes","C4","Perennial","Grass","C4","171","Eragtric","Eratr","Native","40768","Eragrostis trichodes","Poaceae","Y","",""
"198","Erechtites hieracifolia","F","Annual","Non-legume forb","C3","679","Erechier","Erehi","Native","505920","Erechtites hieracifolia","Asteraceae","Y","",""
"199","Erigeron anuus","F","Annual","Non-legume forb","C3","635","Eriganuu","Erian","Native","35804","Erigeron annuus","Asteraceae","Y","",""
"200","Erigeron canadensis","F","Annual","Non-legume forb","C3","521","Erigcana","Erica","Introduced","196266","Erigeron canadensis","Asteraceae","Y","",""
"201","Erigeron sp.","F","Annual","Non-legume forb","C3","619","Erigersp","Erisp","Unknown",NA,"","Asteraceae","Y","",""
"202","Erigeron strigosus","F","Annual","Non-legume forb","C3","522","Erigstri","Erist","Native","35951","Erigeron strigosus","Asteraceae","Y","",""
"203","Eupatorium maculatum","F","Perennial","Non-legume forb","C3","627","Eupamacu","Eupma","Native","502517","Eupatorium maculatum","Asteraceae","Y","",""
"204","Eupatorium perfoliatum","F","Perennial","Non-legume forb","C3","681","Eupaperf","Euppe","Native","35980","Eupatorium perfoliatum","Asteraceae","Y","",""
"205","Eupatorium rugosum","F","Perennial","Non-legume forb","","1030","","","Native",NA,"","Asteraceae","","Ageratina altissima ",""
"206","Euphorbia (supina) maculata","F","Annual","Non-legume forb","C4","525","Euphsupi","Eupsu","Native","565768","Euphorbia maculata","Euphorbiaceae","Y","",""
"207","Euphorbia corollata","F","Perennial","Non-legume forb","C3","523","Euphcoro","Eupco","Native","28057","Euphorbia corollata","Euphorbiaceae","Y","",""
"208","Euphorbia geyeri","F","Annual","Non-legume forb","C4","706","Euphgeye","Eupge","Native","28073","Euphorbia geyeri","Euphorbiaceae","Y","",""
"209","Euphorbia glyptosperma","F","Annual","Non-legume forb","C4","524","Euphglyp","Eupgl","Native","28074","Euphorbia glyptosperma","Euphorbiaceae","Y","",""
"210","Euphorbia sp.","F","Annual","Non-legume forb","Cx","583","Euphorsp","Eupsp","Unknown",NA,"","Euphorbiaceae","Y","",""
"211","Euthamia graminifolia","F","Perennial","Non-legume forb","","1031","","","Native",NA,"","Asteraceae","","",""
"212","Festuca ovina","C3","Perennial","Grass","C3","170","Festovin","Fesov","Introduced","565873","Festuca ovina","Poaceae","Y","",""
"213","Festuca rubra","C3","Perennial","Grass","C3","169","Festrubr","Fesru","Introduced","40796","Festuca rubra","Poaceae","Y","",""
"214","Festuca sp.","C3","Perennial","Grass","C3","167","Festucsp","Fessp","Unknown",NA,"","Poaceae","Y","",""
"215","Forb seedlings","F","Unknown","Forb","Unknown","808","Forbseed","Forse","Unknown",NA,"","Unknown","Y","",""
"216","Forbs","F","Unknown","Non-legume forb","","940","Forbs","Forbs","Unknown",NA,"","Unknown","Y","",""
"217","Fragaria sp.","F","Perennial","Non-legume forb","C3","710","Fragarsp","Frasp","Unknown",NA,"","Rosaceae","Y","",""
"218","Fragaria vesca (americana)","F","Perennial","Non-legume forb","C3","625","Fragvesc","Frave","Native","513637","Fragaria americana","Rosaceae","Y","",""
"219","Fragaria virginiana","F","Perennial","Non-legume forb","C3","526","Fragvirg","Fravi","Native","24639","Fragaria virginiana","Rosaceae","Y","",""
"220","Fraxinus americana","W","Perennial","Woody","","1004","","","Native",NA,"","Oleaceae","","",""
"221","Fraxinus nigra","W","Perennial","Woody","C3","366","Fraxnigr","Frani","Native","32945","Fraxinus nigra","Oleaceae","Y","",""
"222","Fraxinus pennsylvanica","W","Perennial","Woody","C3","329","Fraxpenn","Frape","Native","32929","Fraxinus pennsylvanica","Oleaceae","Y","",""
"223","Fruits & seeds","Unknown","Unknown","Unknown","Unknown","802","Fruiseed","Fruit","Unknown",NA,"","Unknown","N","","Species unidentified"
"224","Fungi","O","Unknown","Fungi",NA,"97","Fungi","Fungi","Unknown",NA,"","Unknown","N","",""
"225","Galium aparine","F","Annual","Non-legume forb","C3","665","Galiapar","Galap","Native","34797","Galium aparine","Rubiaceae","Y","",""
"226","Galium boreale","F","Perennial","Non-legume forb","C3","527","Galibore","Galbo","Native","565204","Galium boreale","Rubiaceae","Y","",""
"227","Galium sp.","F","Perennial","Non-legume forb","C3","644","Galiumsp","Galsp","Native",NA,"","Rubiaceae","Y","",""
"228","Galium trifidum","F","Perennial","Non-legume forb","C3","711","Galitrif","Galtr","Native","34806","Galium trifidum","Rubiaceae","Y","",""
"229","Galium triflorum","F","Perennial","Non-legume forb","C3","657","Galitri2","Galtr","Native","34933","Galium triflorum","Rubiaceae","Y","",""
"230","Gentiana andrewsii","F","Perennial","Non-legume forb","C3","727","Gentandr","Genan","Native","29967","Gentiana andrewsii","Gentianaceae","Y","",""
"231","Geranium maculatum","F","Perennial","Non-legume forb","C3","682","Geramacu","Germa","Native","29107","Geranium maculatum","Geraniaceae","Y","",""
"232","Glechoma hederacea","F","Perennial","Non-legume forb","","1032","","","Introduced",NA,"","Lamiaceae","","",""
"233","Glyceria grandis","C3","Perennial","Grass","C3","150","Glycgran","Glygr","Native","502812","Glyceria grandis","Poaceae","Y","",""
"234","Glyceria sp.","C3","Perennial","Grass","C3","155","Glycersp","Glysp","Unknown",NA,"","Poaceae","Y","",""
"235","Gnaphalium obtusifolium","F","Biennial","Non-legume forb","C3","528","Gnapobtu","Gnaob","Native","36694","Gnaphalium obtusifolium","Asteraceae","Y","",""
"236","Gnaphalium sp.","F","Biennial","Non-legume forb","C3","641","Gnaphasp","Gnasp","Unknown",NA,"","Asteraceae","Y","",""
"237","Gnaphalium uliginosum","F","Annual","Non-legume forb","","1033","","","Introduced",NA,"","Asteraceae","","",""
"238","Grass seedlings","G","Unknown","Grass","Unknown","807","Grasseed","Grase","Unknown",NA,"","Poaceae","Y","",""
"239","Grasses","G","Unknown","Grass","Unknown","920","Grasses","Grass","Unknown",NA,"","Poaceae","Y","",""
"240","Green matter (alive)","Unknown","Unknown","Unknown","Unknown","800","Greematt","Grema","Unknown",NA,"","Unknown","N","",""
"241","Gymnocarpium dryopteris","O","Perennial","Fern","C3","17","Gymndryo","Gymdr","Native","17579","Gymnocarpium dryopteris","Aspleniaceae","Y","",""
"242","Habenaria lacera","F","Perennial","Non-legume forb","C3","747","Habelace","Habla","Native","43401","Habenaria lacera","Orchidaceae","Y","",""
"243","Hackelia americana","F","Annual, biennial, perennial","Non-legume forb","","1034","","","Native",NA,"","Boraginaceae","","Hackelia americana",""
"244","Hedeoma hispida","F","Annual","Non-legume forb","C3","529","Hedehisp","Hedhi","Native","502890","Hedeoma hispida","Lamiaceae","Y","",""
"245","Helenium autumnale","F","Perennial","Non-legume forb","C3","728","Heleautu","Helau","Native","36006","Helenium autumnale","Asteraceae","Y","",""
"246","Helianthemum bicknellii","F","Perennial","Non-legume forb","C3","530","Helibick","Helbi","Native","22259","Helianthemum bicknellii","Cistaceae","Y","",""
"247","Helianthus giganteus","F","Perennial","Non-legume forb","C3","653","Heligiga","Helgi","Native","36612","Helianthus giganteus","Asteraceae","Y","",""
"248","Helianthus hirsutus","F","Perennial","Non-legume forb","C3","584","Helihirs","Helhi","Native","36646","Helianthus hirsutus","Asteraceae","Y","",""
"249","Helianthus laetiflorus","F","Perennial","Non-legume forb","C3","531","Helilaet","Hella","Native","502924","Helianthus laetiflorus","Asteraceae","Y","",""
"250","Helianthus petiolaris","F","Annual","Non-legume forb","C3","729","Helipeti","Helpe","Native","36671","Helianthus petiolaris","Asteraceae","Y","",""
"251","Helianthus sp.","F","Perennial","Non-legume forb","C3","585","Heliansp","Helsp","Unknown",NA,"","Asteraceae","Y","",""
"252","Heliopsis helianthoides","F","Perennial","Non-legume forb","C3","730","Heliheli","Helhe","Native","37605","Heliopsis helianthoides","Asteraceae","Y","",""
"253","Heuchera richardsonii","F","Perennial","Non-legume forb","C3","731","Heucrich","Heuri","Native","24372","Heuchera richardsonii","Saxifragaceae","Y","",""
"254","Hieracium aurantiacum","F","Perennial","Non-legume forb","C3","769","Hieraura","Hieau","Introduced","37697","Hieracium aurantiacum","Asteraceae","Y","",""
"255","Hieracium kalmii","F","Perennial","Non-legume forb","C3","675","Hierkalm","Hieka","Native","503023","Hieracium kalmii","Asteraceae","Y","",""
"256","Hieracium longipilum","F","Biennial","Non-legume forb","C3","607","Hierlong","Hielo","Native","37714","Hieracium longipilum","Asteraceae","Y","",""
"257","Hieracium sp.","F","Biennial","Non-legume forb","C3","612","Hieracsp","Hiesp","Unknown",NA,"","Asteraceae","Y","",""
"258","Hierochloe odorata","C3","Perennial","Grass","C3","158","Hierodor","Hieod","Native","565874","Hierochloe odorata","Poaceae","Y","",""
"259","Houstonia longifolia","F","Perennial","Non-legume forb","C3","732","Houslong","Houlo","Native","35045","Houstonia longifolia","Rubiaceae","Y","",""
"260","Hypericum majus","F","Annual","Non-legume forb","C3","684","Hypemaju","Hypma","Native","21446","Hypericum majus","Clusiaceae","Y","",""
"261","Hypoxis hirsuta","F","Perennial","Non-legume forb","C4","532","Hypohirs","Hyphi","Native","503146","Hypoxis hirsuta","Lilliaceae","Y","",""
"262","Ilex sp.","W","Perennial","Woody","C3","369","Ilexsp","Ilesp","Unknown",NA,"","Aquifoliaceae","Y","",""
"263","Ilex verticillata","W","Perennial","Woody","C3","346","Ilexvert","Ileve","Native","27985","Ilex verticillata","Aquifoliaceae","Y","",""
"264","Impatiens capensis","F","Annual","Non-legume forb","C3","685","Impacape","Impca","Native","29182","Impatiens capensis","Balsaminaceae","Y","",""
"265","Introduced","Unknown","Unknown","Unknown","Unknown","999","Introdu","Intro","Introduced",NA,"","Unknown","Y","",""
"266","Iris versicolor","F","Perennial","Non-legume forb","C3","712","Irisvers","Irive","Native","43196","Iris versicolor","Iridaceae","Y","",""
"267","Juncus sp.","S","Perennial","Sedge","C3","240","Juncussp","Junsp","Unknown",NA,"","Cyperaceae","Y","",""
"268","Juncus tenuis","S","Perennial","Sedge","C3","241","Junctenu","Junte","Native","39243","Juncus tenuis","Cyperaceae","Y","",""
"269","Juniperus communis","W","Perennial","Woody","C3","347","Junicomm","Junco","Native","194820","Juniperus communis","Cupressaceae","Y","",""
"270","Juniperus sp.","W","Perennial","Woody","C3","373","Junipesp","Junsp","Unknown",NA,"","Cupressaceae","Y","",""
"271","Juniperus virginiana","W","Perennial","Woody","C3","372","Junivirg","Junvi","Native","18048","Juniperus virginiana","Cupressaceae","Y","",""
"272","Koeleria cristata","C3","Perennial","Grass","C3","145","Koelcris","Koecr","Native","515476","Koeleria cristata","Poaceae","Y","",""
"273","Krigia biflora","F","Perennial","Non-legume forb","C3","780","Krigbifl","Kribi","Native","37810","Krigia biflora","Asteraceae","Y","",""
"274","Lactuca biennis","F","Biennial","Non-legume forb","C3","671","Lactbien","Lacbi","Native","36597","Lactuca biennis","Asteraceae","Y","",""
"275","Lactuca canadensis","F","Biennial","Non-legume forb","C3","534","Lactcana","Lacca","Native","36596","Lactuca canadensis","Asteraceae","Y","",""
"276","Lactuca serriola (scariola)","F","Biennial","Non-legume forb","C3","615","Lactserr","Lacse","Introduced","36608","Lactuca serriola","Asteraceae","Y","",""
"277","Lactuca sp.","F","Biennial","Non-legume forb","C3","634","Lactucsp","Lacsp","Unknown",NA,"","Asteraceae","Y","",""
"278","Larix laricina","W","Perennial","Woody","C3","380","Larilari","Larla","Native",NA,"","Pinaceae","Y","",""
"279","Lathyrus ochroleucus","L","Perennial","Legume","C3","1035","","","Native",NA,"","Fabaceae","","",""
"280","Lathyrus venosus","L","Perennial","Legume","C3","402","Lathveno","Latve","Native","25886","Lathyrus venosus","Fabaceae","Y","",""
"281","Leaves","Unknown","Unknown","Unknown","Unknown","804","Leaves","Leave","Unknown",NA,"","Unknown","N","",""
"282","Lechea stricta","F","Perennial","Non-legume forb","C3","535","Lechstri","Lecst","Native","22297","Lechea stricta","Cistaceae","Y","",""
"283","Leersia oryzoides","C3","Perennial","Grass","C3","146","Leeroryz","Leeor","Native","40886","Leersia oryzoides","Poaceae","Y","",""
"284","Lemna sp.","F","Annual","Non-legume forb","C3","755","Lemnasp","Lemsp","Native",NA,"","Lemnaceae","Y","",""
"285","Lepidium densiflorum","F","Annual","Non-legume forb","C3","536","Lepidens","Lepde","Native","22960","Lepidium densiflorum","Brassicaceae","Y","",""
"286","Lepidium sp.","F","Unknown","Non-legume forb","C3","758","Lepidisp","Lepsp","Native and/or Introduced",NA,"","Brassicaceae","Y","",""
"287","Lepidium virginicum","F","Annual","Non-legume forb","C3","537","Lepivirg","Lepvi","Native","22955","Lepidium virginicum","Brassicaceae","Y","",""
"288","Leptoloma cognatum","C4","Perennial","Grass","C4","168","Leptcogn","Lepco","Native","41830","Leptoloma cognatum","Poaceae","Y","",""
"289","Lespedeza capitata","L","Perennial","Legume","C3","403","Lespcapi","Lesca","Native","25897","Lespedeza capitata","Fabaceae","Y","",""
"290","Liatris aspera","F","Perennial","Non-legume forb","C3","538","Liataspe","Liaas","Native","37909","Liatris aspera","Asteraceae","Y","",""
"291","Liatris ligulistylis","F","Perennial","Non-legume forb","C3","733","Liatligu","Liali","Native","37929","Liatris ligulistylis","Asteraceae","Y","",""
"292","Liatris pycnostachya","F","Perennial","Non-legume forb","C3","734","Liatpycn","Liapy","Native","37937","Liatris pycnostachya","Asteraceae","Y","",""
"293","Lichens","O","Unknown","Moss & lichens","Unknown","96","Lichens","Liche","Unknown",NA,"","Unknown","N","",""
"294","Liliaceae unknown","F","Unknown","Non-legume forb","Unknown","1036","","","Unknown",NA,"","Lilliaceae","","",""
"295","Linaria vulgaris","F","Perennial","Non-legume forb","C3","636","Linavulg","Linvu","Introduced","33216","Linaria vulgaris","Scrophulariaceae","Y","",""
"296","Lithospermum canescens","F","Perennial","Non-legume forb","C3","539","Lithcane","Litca","Native","31945","Lithospermum canescens","Boraginaceae","Y","",""
"297","Lithospermum caroliniense","F","Perennial","Non-legume forb","C3","540","Lithcaro","Litca","Native","31946","Lithospermum caroliniense","Boraginaceae","Y","",""
"298","Lithospermum sp.","F","Perennial","Non-legume forb","C3","620","Lithossp","Litsp","Unknown",NA,"","Boraginaceae","Y","",""
"299","Lobelia siphilitica","F","Perennial","Non-legume forb","C3","735","Lobesiph","Lobsi","Native","34531","Lobelia siphilitica","Campanulaceae","Y","",""
"300","Lobelia spicata","F","Perennial","Non-legume forb","C3","628","Lobespic","Lobsp","Native","34532","Lobelia spicata","Campanulaceae","Y","",""
"301","Lolium multiflorum","C3","Annual","Grass","C3","173","Lolimult","Lolmu","Introduced","40892","Lolium multiflorum","Poaceae","Y","",""
"302","Lonicera dioica","W","Perennial","Woody","C3","378","Lonidioi","Londi","Native","35290","Lonicera dioica","Caprifoliaceae","Y","",""
"303","Lonicera tatarica","W","Perennial","Woody","C3","343","Lonitata","Lonta","Introduced","35306","Lonicera tatarica","Caprifoliaceae","Y","",""
"304","Ludwigia polycarpa","F","Perennial","Non-legume forb","C3","756","Ludwpoly","Ludpo","Native","27361","Ludwigia polycarpa","Onagraceae","Y","",""
"305","Lupinus perennis","L","Perennial","Legume","C3","417","Lupipere","Luppe","Native","26091","Lupinus perennis","Fabaceae","Y","",""
"306","Lupinus sp.","L","Unknown","Legume","C3","420","Lupinusp","Lupsp","Unknown",NA,"","Fabaceae","Y","",""
"307","Lychnis alba","F","Perennial","Non-legume forb","C3","541","Lychalba","Lycal","Introduced","516470","Lychnis alba","Caryophyllaceae","Y","",""
"308","Lycopodium complanatum","F","Perennial","Non-legume forb","","1037","","","Native",NA,"","Lycopodiaceae","","",""
"309","Lycopus americana","F","Perennial","Non-legume forb","C3","686","Lycoamer","Lycam","Native","32254","Lycopus americanus","Lamiaceae","Y","",""
"310","Lycopus sp.","F","Perennial","Non-legume forb","C3","746","Lycopusp","Lycsp","Unknown",NA,"","Lamiaceae","Y","",""
"311","Lycopus uniflorus","F","Perennial","Non-legume forb","C3","688","Lycounif","Lycun","Native","32257","Lycopus uniflorus","Lamiaceae","Y","",""
"312","Lysimachia ciliata","F","Perennial","Non-legume forb","C3","704","Lysicili","Lysci","Native","23984","Lysimachia ciliata","Primulaceae","Y","",""
"313","Lysimachia thyrsiflora","F","Perennial","Non-legume forb","C3","689","Lysithyr","Lysth","Native","24000","Lysimachia thyrsiflora","Primulaceae","Y","",""
"314","Maianthemum canadense","F","Perennial","Non-legume forb","C3","703","Maiacana","Maica","Native","503653","Maianthemum canadense","Lilliaceae","Y","",""
"315","Man made object",NA,NA,NA,NA,"1022","","",NA,NA,"",NA,"","",""
"316","Medicago lupulina","L","Annual","Legume","C3","414","Medilupu","Medlu","Introduced","503721","Medicago lupulina","Fabaceae","Y","",""
"317","Medicago sativa","L","Perennial","Legume","C3","419","Medisati","Medsa","Introduced","183623","Medicago sativa","Fabaceae","Y","",""
"318","Medicago sp.","L","Unknown","Legume","C3","422","Medicasp","Medsp","Introduced",NA,"","Fabaceae","Y","",""
"319","Melilotus alba","L","Biennial","Legume","C3","587","Melialba","Melal","Introduced","26149","Melilotus alba","Fabaceae","Y","",""
"320","Melilotus officinalis","L","Biennial","Legume","C3","588","Melioffi","Melof","Introduced","26150","Melilotus officinalis","Fabaceae","Y","",""
"321","Melilotus sp.","L","Biennial","Legume","C3","589","Melilosp","Melsp","Introduced",NA,"","Fabaceae","Y","",""
"322","Mimulus ringens","F","Perennial","Non-legume forb","C3","760","Mimuring","Mimri","Native","33235","Mimulus ringens","Scrophulariaceae","Y","",""
"323","Mirabilis hirsuta","F","Perennial","Non-legume forb","C3","683","Mirahirs","Mirhi","Native","19647","Mirabilis hirsuta","Nyctaginaceae","Y","",""
"324","Mirabilis nyctaginea","F","Perennial","Non-legume forb","C3","776","Miranyct","Mirny","Native","19655","Mirabilis nyctaginea","Nyctaginaceae","Y","",""
"325","Miscanthus giganteus","C4","Perennial","Grass","C4","1059","Miscgiga","Misgi","Introduced",NA,"Miscanthus giganteus","Poaceae","Y","",""
"326","Miscellaneous forb","F","Perennial","Non-legume forb","C3","787","Miscforb","Misfo","Unknown",NA,"","Unknown","Y","","Species unidentified"
"327","Miscellaneous forb 2","F","Perennial","Non-legume forb","C3","1060","Miscforb2","Misf2","Unknown",NA,"","Fabaceae","Y","","Species unidentified but different than Miscellaneous forb sample"
"328","Miscellaneous grasses","G","Unknown","Grass","Unknown","199","Miscgras","Misgr","Unknown",NA,"","Poaceae","Y","","Species unidentified"
"329","Miscellaneous grasses 2","G","Unknown","Grass","Unknown","197","Miscgra2","Misg2","Unknown",NA,"","Poaceae","Y","","Species unidentifiedbut different than Miscellaneous grasses sample"
"330","Miscellaneous herbs","F","Unknown","Non-legume forb","Unknown","699","Mischerb","Mishe","Unknown",NA,"","Unknown","Y","","Species unidentified"
"331","Miscellaneous herbs 2","F","Unknown","Non-legume forb","Unknown","786","Mischer2","Mish2","Unknown",NA,"","Unknown","Y","","Species unidentifiedbut different than Miscellaneous herb sample"
"332","Miscellaneous legumes","L","Unknown","Legume","C3","499","Misclegu","Misle","Unknown",NA,"","Fabaceae","Y","","Species unidentified"
"333","Miscellaneous litter",NA,NA,NA,NA,"99","Misclitt","Misli",NA,NA,"",NA,"N","","Species unidentified"
"334","Miscellaneous rushes","S","Unknown","Sedge","Unknown","198","Miscrush","Misru","Unknown",NA,"","Cyperaceae","Y","","Species unidentified"
"335","Miscellaneous sedges","S","Unknown","Sedge","Unknown","299","Miscsedg","Misse","Unknown",NA,"","Cyperaceae","Y","","Species unidentified"
"336","Miscellaneous sp.","Unknown","Unknown","Unknown","Unknown","98","Miscelsp","Missp","Unknown",NA,"","Unknown","Y","","Species unidentified"
"337","Miscellaneous woody plants","W","Perennial","Woody","C3","399","Miscwood","Miswo","Unknown",NA,"","Unknown","Y","","Species unidentified"
"338","Mollugo verticillata","F","Annual","Non-legume forb","C4","590","Mollvert","Molve","Introduced","19899","Mollugo verticillata","Molluginaceae","Y","",""
"339","Monarda fistulosa","F","Perennial","Non-legume forb","C3","533","Monafist","Monfi","Native","565311","Monarda fistulosa","Lamiaceae","Y","",""
"340","Monarda punctata","F","Perennial","Non-legume forb","C3","736","Monapunc","Monpu","Native","32279","Monarda punctata","Lamiaceae","Y","",""
"341","Mosses","O","Unknown","Moss & lichens","Unknown","95","Mosses","Mosse","Unknown",NA,"","Unknown","N","",""
"342","Mosses & lichens","O","Unknown","Moss & lichens","Unknown","3","Mosslich","Mosli","Unknown",NA,"","Unknown","N","","Species unidentified"
"343","Mosses & lichens 2","O","Unknown","Moss & lichens","Unknown","2","Mosslic2","Mosl2","Unknown",NA,"","Unknown","N","","Species unidentifiedbut different than Miscellaneous herb sample"
"344","Muhlenbergia racemosa","C4","Perennial","Grass","C4","128","Muhlrace","Muhra","Native","41935","Muhlenbergia racemosa","Poaceae","Y","",""
"345","Native","Unknown","Unknown","Unknown","Unknown","992","Native","Nativ","Native",NA,"","Unknown","Y","","Species unidentified"
"346","Nepeta cataria","F","Perennial","Non-legume forb","C3","672","Nepecata","Nepca","Introduced","32623","Nepeta cataria","Lamiaceae","Y","",""
"347","Non-vascular","Unknown","Unknown","Unknown","Unknown","906","Nonvascu","Nonva",NA,NA,"","Unknown","N","","Species unidentified"
"348","Oenothera biennis","F","Biennial","Non-legume forb","C3","542","Oenobien","Oenbi","Native","27368","Oenothera biennis","Onagraceae","Y","",""
"349","Oenothera parviflora","F","Biennial","Non-legume forb","C3","629","Oenoparv","Oenpa","Native","504007","Oenothera parviflora","Onagraceae","Y","",""
"350","Oenothera rhombipetala","F","Biennial","Non-legume forb","C3","633","Oenorhom","Oenrh","Native","565330","Oenothera rhombipetala","Onagraceae","Y","",""
"351","Oenothera sp.","F","Biennial","Non-legume forb","C3","637","Oenothsp","Oensp","Unknown",NA,"","Onagraceae","Y","",""
"352","Onoclea sensibilis","O","Perennial","Fern","C3","9","Onocsens","Onose","Native","17637","Onoclea sensibilis","Aspleniaceae","Y","",""
"353","Osmunda cinnamomea","O","Perennial","Fern","C3","10","Osmucinn","Osmci","Native","17219","Osmunda cinnamomea","Osmundaceae","Y","",""
"354","Osmunda claytonii","O","Perennial","Fern","C3","11","Osmuclay","Osmcl","Native","17220","Osmunda claytoniana","Osmundaceae","Y","",""
"355","Osmunda regalis","O","Perennial","Fern","C3","12","Osmurega","Osmre","Native","17218","Osmunda regalis","Osmundaceae","Y","",""
"356","Oxalis sp.","F","Perennial","Non-legume forb","C3","640","Oxalissp","Oxasp","Unknown",NA,"","Oxalidaceae","Y","",""
"357","Oxalis stricta","F","Perennial","Non-legume forb","C3","631","Oxalstri","Oxast","Native","29095","Oxalis stricta","Oxalidaceae","Y","",""
"358","Oxybaphus hirsutus","F","Perennial","Non-legume forb","C3","592","Oxybhirs","Oxyhi","Native","518054","Oxybaphus hirsutus","Nyctaginaceae","Y","",""
"359","Oxybaphus nyctaginea","F","Perennial","Non-legume forb","C3","778","Oxybnyct","Oxyny","Native","19655","Mirabilis nyctaginea","Nyctaginaceae","Y","",""
"360","Panicum capillare","C4","Annual","Grass","C4","109","Panicapi","Panca","Native","40914","Panicum capillare","Poaceae","Y","",""
"361","Panicum lanuginosum","C3","Perennial","Grass","C3","110","Panilanu","Panla","Native","565867","Panicum lanuginosum","Poaceae","Y","",""
"362","Panicum leibergi","C3","Perennial","Grass","C3","141","Panileib","Panle","Native","518307","Panicum leibergii","Poaceae","Y","",""
"363","Panicum miliaceum","G","Annual","Grass","Cx","160","Panimili","Panmi","Introduced","40946","Panicum miliaceum","Poaceae","Y","",""
"364","Panicum oligosanthes","C3","Perennial","Grass","C3","111","Paniolig","Panol","Native","40912","Panicum oligosanthes","Poaceae","Y","",""
"365","Panicum perlongum","C3","Perennial","Grass","C3","112","Paniperl","Panpe","Native","518351","Panicum perlongum","Poaceae","Y","",""
"366","Panicum praecocious","C3","Perennial","Grass","C3","113","Paniprae","Panpr","Native","518358","Panicum praecocius","Poaceae","Y","",""
"367","Panicum sp.","G","Perennial","Grass","Cx","131","Panicusp","Pansp","Native",NA,"","Poaceae","Y","",""
"368","Panicum virgatum","C4","Perennial","Grass","C4","114","Panivirg","Panvi","Native","40913","Panicum virgatum","Poaceae","Y","",""
"369","Parietaria pensylvanica","F","Annual","Non-legume forb","","1038","","","Native",NA,"","Urticaceae","","",""
"370","Parthenocissus inserta","W","Perennial","Woody","C3","306","Partinse","Parin","Native","518483","Parthenocissus inserta","Vitaceae","Y","",""
"371","Parthenocissus quinquefolia","O","Perennial","Vine","","1039","","","Native",NA,"","Vitaceae","","",""
"372","Parthenocissus sp.","W","Perennial","Woody","C3","345","Parthesp","Parsp","Native",NA,"","Vitaceae","Y","",""
"373","Parthenocissus vitacea","O","Perennial","Vine","","1008","","","Native",NA,"","Vitaceae","","",""
"374","Paspalum ciliatifolium","C4","Perennial","Grass","C4","159","Paspcili","Pasci","Native","40991","Paspalum ciliatifolium","Poaceae","Y","",""
"375","Pedicularis canadensis","F","Perennial","Non-legume forb","C3","750","Pedicana","Pedca","Native","33362","Pedicularis canadensis","Scrophulariaceae","Y","",""
"376","Pedicularis sp.","F","Perennial","Non-legume forb","C3","666","Pedicusp","Pedsp","Unknown",NA,"","Scrophulariaceae","Y","",""
"377","Penstemon digitalis","F","Perennial","Non-legume forb","C3","737","Pensdigi","Pendi","Native","33881","Penstemon digitalis","Scrophulariaceae","Y","",""
"378","Penstemon gracilis","F","Perennial","Non-legume forb","C3","543","Pensgrac","Pengr","Native","33909","Penstemon gracilis","Scrophulariaceae","Y","",""
"379","Penstemon grandiflorus","F","Perennial","Non-legume forb","C3","544","Pensgran","Pengr","Native","33912","Penstemon grandiflorus","Scrophulariaceae","Y","",""
"380","Penstemon sp.","F","Perennial","Non-legume forb","C3","759","Penstesp","Pensp","Unknown",NA,"","Scrophulariaceae","Y","",""
"381","Penthorum sedoides","F","Perennial","Non-legume forb","C3","614","Pentsedo","Pense","Native","504241","Penthorum sedoides","Crassulaceae","Y","",""
"382","Perennials","Unknown","Perennial","Unknown","Unknown","984","Perenni","Peren","Unknown",NA,"","Unknown","Y","",""
"383","Permanently unassigned",NA,NA,NA,NA,"998","Permunas","Perun","Unknown",NA,"",NA,"Y","",""
"384","Petalostemum candidum","L","Perennial","Legume","C3","651","Petacand","Petca","Native","26603","Dalea candida","Fabaceae","Y","",""
"385","Petalostemum purpureum","L","Perennial","Legume","C3","652","Petapurp","Petpu","Native","26642","Dalea purpurea","Fabaceae","Y","",""
"386","Petalostemum sp.","L","Perennial","Legume","C3","418","Petalosp","Petsp","Native",NA,"","Fabaceae","Y","",""
"387","Petalostemum villosum","L","Perennial","Legume","C3","416","Petavill","Petvi","Native","26653","Dalea villosa","Fabaceae","Y","",""
"388","Phalaris arundinacea","C3","Perennial","Grass","C3","115","Phalarun","Phaar","Native","41335","Phalaris arundinacea","Poaceae","Y","",""
"389","Phleum pratense","C3","Perennial","Grass","C3","116","Phleprat","Phlpr","Introduced","41062","Phleum pratense","Poaceae","Y","",""
"390","Phlox paniculata","F","Perennial","Non-legume forb","C3","762","Phlopani","Phlpa","Introduced","30973","Phlox paniculata","Polemoniaceae","Y","",""
"391","Phlox pilosa","F","Perennial","Non-legume forb","C3","593","Phlopilo","Phlpi","Native","30974","Phlox pilosa","Polemoniaceae","Y","",""
"392","Phlox sp.","F","Perennial","Non-legume forb","C3","545","Phloxsp","Phlsp","Unknown",NA,"","Polemoniaceae","Y","",""
"393","Phryma leptostachya","F","Perennial","Non-legume forb","C3","785","Phrylept","Phrle","Native","504348","Phryma leptostachya","Phrymaceae","Y","",""
"394","Physalis heterophylla","F","Perennial","Non-legume forb","C3","594","Physhete","Phyhe","Native","30601","Physalis heterophylla","Solanaceae","Y","",""
"395","Physalis sp.","F","Perennial","Non-legume forb","C3","642","Physalsp","Physp","Unknown",NA,"","Solanaceae","Y","",""
"396","Physalis virginiana","F","Perennial","Non-legume forb","C3","546","Physvirg","Phyvi","Native","30612","Physalis virginiana","Solanaceae","Y","",""
"397","Picea sp.","W","Perennial","Woody","C3","361","Piceasp","Picsp","Unknown",NA,"","Pinaceae","Y","",""
"398","Pilea pumila","F","Annual","Non-legume forb","C3","690","Pilepumi","Pilpu","Native","19130","Pilea pumila","Urticaceae","Y","",""
"399","Pine cones",NA,NA,NA,NA,"93","Pinecone","Pinco","Unknown",NA,"",NA,"N","","Litter type"
"400","Pine needles",NA,NA,NA,NA,"94","Pineneed","Pinne","Unknown",NA,"",NA,"N","","Litter type"
"401","Pinus banksiana","W","Perennial","Woody","C3","365","Pinubank","Pinba","Native","183319","Pinus banksiana","Pinaceae","Y","",""
"402","Pinus resinosa","W","Perennial","Woody","C3","374","Pinuresi","Pinre","Native","183375","Pinus resinosa","Pinaceae","Y","",""
"403","Pinus sp.","W","Perennial","Woody","C3","355","Pinussp","Pinsp","Unknown",NA,"","Pinaceae","Y","",""
"404","Pinus strobus","W","Perennial","Woody","C3","323","Pinustro","Pinst","Native","183385","Pinus strobus","Pinaceae","Y","",""
"405","Plantago (purshii) patagonica","F","Annual","Non-legume forb","C3","638","Planpurs","Plapu","Native","32907","Plantago patagonica","Plantaginaceae","Y","",""
"406","Plantago lanceolata","F","Perennial","Non-legume forb","C3","595","Planlanc","Plala","Introduced","32874","Plantago lanceolata","Plantaginaceae","Y","",""
"407","Plantago major","F","Perennial","Non-legume forb","","1040","","","Introduced",NA,"","Plantaginaceae","","",""
"408","Poa compressa","C3","Perennial","Grass","C3","143","Poacompr","Poaco","Introduced","41082","Poa compressa","Poaceae","Y","",""
"409","Poa palustris","C3","Perennial","Grass","C3","148","Poapalus","Poapa","Native","41151","Poa palustris","Poaceae","Y","",""
"410","Poa pratensis","C3","Perennial","Grass","C3","117","Poaprate","Poapr","Native and/or Introduced","41088","Poa pratensis","Poaceae","Y","",""
"411","Poa sp.","C3","Perennial","Grass","C3","132","Poasp","Poasp","Unknown",NA,"","Poaceae","Y","",""
"412","Polygala polygama","F","Biennial","Non-legume forb","C3","547","Polypoly","Polpo","Native","29308","Polygala polygama","Polygalaceae","Y","",""
"413","Polygala sanquinea","F","Annual","Non-legume forb","","1011","","","Native ",NA,"","Polygalaceae","","Polygala sanguinea L",""
"414","Polygala sp.","F","Perennial","Non-legume forb","C3","777","Polygasp","Polsp","Unknown",NA,"","Polygalaceae","Y","",""
"415","Polygonatum biflorum","F","Perennial","Non-legume forb","C3","1041","Polygbif","Polbi","Native",NA,"","Lilliaceae","","",""
"416","Polygonatum canaliculatum","F","Perennial","Non-legume forb","C3","658","Polycana","Polca","Native","519344","Polygonatum canaliculatum","Lilliaceae","Y","",""
"417","Polygonatum sp.","F","Perennial","Non-legume forb","C3","661","Polygosp","Polsp","Unknown",NA,"","Lilliaceae","Y","",""
"418","Polygonella articulata","F","Annual","Non-legume forb","C3","591","Polyarti","Polar","Native","21308","Polygonella articulata","Polygonaceae","Y","",""
"419","Polygonum amphibium","F","Perennial","Non-legume forb","C3","691","Polyamph","Polam","Native","20865","Polygonum amphibium","Polygonaceae","Y","",""
"420","Polygonum arifolium","F","Annual","Non-legume forb","C3","713","Polyarif","Polar","Native","20849","Polygonum arifolium","Polygonaceae","Y","",""
"421","Polygonum cilinode","F","Perennial","Non-legume forb","C3","775","Polycili","Polci","Native","20887","Polygonum cilinode","Polygonaceae","Y","",""
"422","Polygonum convolvulus","F","Annual","Non-legume forb","C3","548","Polyconv","Polco","Introduced","20853","Polygonum convolvulus","Polygonaceae","Y","",""
"423","Polygonum hydropiper","F","Annual","Non-legume forb","C3","753","Polyhydr","Polhy","Introduced","20856","Polygonum hydropiper","Polygonaceae","Y","",""
"424","Polygonum lapathafolium","F","Annual","Non-legume forb","C3","714","Polylapa","Polla","Native","20860","Polygonum lapathifolium","Polygonaceae","Y","",""
"425","Polygonum pensylvanicum","F","Annual","Non-legume forb","C3","596","Polypens","Polpe","Native","20861","Polygonum pensylvanicum","Polygonaceae","Y","",""
"426","Polygonum persicaria","F","Annual","Non-legume forb","C3","608","Polypers","Polpe","Introduced","20915","Polygonum persicaria","Polygonaceae","Y","",""
"427","Polygonum sagittatum","F","Annual","Non-legume forb","C3","692","Polysagi","Polsa","Native","20863","Polygonum sagittatum","Polygonaceae","Y","",""
"428","Polygonum scandens","F","Annual","Non-legume forb","C3","659","Polyscan","Polsc","Native","20924","Polygonum scandens","Polygonaceae","Y","",""
"429","Polygonum sp.","F","Annual","Non-legume forb","C3","624","Polygsp2","Polsp","Unknown",NA,"","Polygonaceae","Y","",""
"430","Polygonum tenue","F","Annual","Non-legume forb","C3","597","Polytenu","Polte","Native","20929","Polygonum tenue","Polygonaceae","Y","",""
"431","Polytricum sp.","O","Unknown","Moss & lichens","C3","5","Polytrsp","Polsp","Unknown",NA,"","Polytrichaceae","Y","Polytrichum",""
"432","Populus balsamifera","W","Perennial","Woody","C3","371","Popubals","Popba","Native","22453","Populus balsamifera","Salicaceae","Y","",""
"433","Populus deltoides","W","Perennial","Woody","C3","307","Popudelt","Popde","Native","22445","Populus deltoides","Salicaceae","Y","",""
"434","Populus grandidentata","W","Perennial","Woody","C3","333","Popugran","Popgr","Native","22463","Populus grandidentata","Salicaceae","Y","",""
"435","Populus tremuloides","W","Perennial","Woody","C3","326","Poputrem","Poptr","Native","195773","Populus tremuloides","Salicaceae","Y","",""
"436","Portulaca oleracea","F","Annual","Non-legume forb","Cx","771","Portoler","Porol","Introduced","20422","Portulaca oleracea","Portulacaceae","Y","",""
"437","Potentilla argentea","F","Perennial","Non-legume forb","C3","598","Potearge","Potar","Introduced","24691","Potentilla argentea","Rosaceae","Y","",""
"438","Potentilla arguta","F","Perennial","Non-legume forb","C3","599","Poteargu","Potar","Native","24692","Potentilla arguta","Rosaceae","Y","",""
"439","Potentilla norvegica","F","Biennial","Non-legume forb","C3","549","Potenorv","Potno","Native","24730","Potentilla norvegica","Rosaceae","Y","",""
"440","Potentilla palustris","F","Perennial","Non-legume forb","C3","693","Potepalu","Potpa","Native","24676","Potentilla palustris","Rosaceae","Y","",""
"441","Potentilla recta","F","Perennial","Non-legume forb","C3","550","Poterect","Potre","Introduced","24742","Potentilla recta","Rosaceae","Y","",""
"442","Potentilla simplex","F","Perennial","Non-legume forb","C3","551","Potesimp","Potsi","Native","24751","Potentilla simplex","Rosaceae","Y","",""
"443","Potentilla sp.","F","Perennial","Non-legume forb","C3","618","Potentsp","Potsp","Unknown",NA,"","Rosaceae","Y","",""
"444","Prenanthes alba","F","Biennial, perennial","Non-legume forb","","1042","","","Native",NA,"","Asteraceae","","",""
"445","Prenanthes racemosa","F","Perennial","Non-legume forb","C3","673","Prenrace","Prera","Native","38281","Prenanthes racemosa","Asteraceae","Y","",""
"446","Prunella vulgaris","F","Perennial","Non-legume forb","","1043","","","Native",NA,"","Lamiaceae","","",""
"447","Prunus americana","W","Perennial","Woody","C3","318","Prunamer","Pruam","Native","24763","Prunus americana","Rosaceae","Y","",""
"448","Prunus pensylvanica","W","Perennial","Woody","C3","308","Prunpens","Prupe","Native","24799","Prunus pensylvanica","Rosaceae","Y","",""
"449","Prunus pumila","W","Perennial","Woody","C3","309","Prunpumi","Prupu","Native","504625","Prunus pumila","Rosaceae","Y","",""
"450","Prunus serotina","W","Perennial","Woody","C3","332","Prunsero","Pruse","Native","24764","Prunus serotina","Rosaceae","Y","",""
"451","Prunus sp.","W","Perennial","Woody","C3","310","Prunussp","Prusp","Unknown",NA,"","Rosaceae","Y","",""
"452","Prunus virginiana","W","Perennial","Woody","C3","336","Prunvirg","Pruvi","Native","24806","Prunus virginiana","Rosaceae","Y","",""
"453","Pteridium aquilinum","O","Perennial","Fern","C3","4","Pteraqui","Pteaq","Native","17224","Pteridium aquilinum","Dennstaedtiaceae","Y","",""
"454","Pycnanthemum virginianum","F","Perennial","Non-legume forb","C3","738","Pycnvirg","Pycvi","Native","32670","Pycnanthemum virginianum","Lamiaceae","Y","",""
"455","Pyrola rotundifolia","F","Perennial","Non-legume forb","C3","784","Pyrorotu","Pyrro","Native","23762","Pyrola rotundifolia","Pyrolaceae","Y","",""
"456","Pyrola sp.","F","Perennial","Non-legume forb","C3","670","Pyrolasp","Pyrsp","Unknown",NA,"","Pyrolaceae","Y","",""
"457","Pyrus malus","W","Perennial","Woody","","1044","","","Introduced",NA,"","Rosaceae","","",""
"458","Quercus alba","W","Perennial","Woody","C3","319","Queralba","Queal","Native","19290","Quercus alba","Fagaceae","Y","",""
"459","Quercus borealis","W","Perennial","Woody","C3","300","Querbore","Quebo","Native","19303","Quercus borealis","Fagaceae","Y","",""
"460","Quercus borealis-ellipsoidalis","W","Perennial","Woody","C3","328","Querbor2","Quebo","Native",NA,"","Fagaceae","Y","",""
"461","Quercus elipsoidalis grub",NA,NA,NA,NA,"1006","","",NA,NA,"",NA,"","",""
"462","Quercus ellipsoidalis","W","Perennial","Woody","C3","301","Querelli","Queel","Native","19327","Quercus ellipsoidalis","Fagaceae","Y","",""
"463","Quercus macrocarpa","W","Perennial","Woody","C3","302","Quermacr","Quema","Native","19287","Quercus macrocarpa","Fagaceae","Y","",""
"464","Quercus macrocarpa grub",NA,NA,NA,NA,"1007","","",NA,NA,"",NA,"","",""
"465","Quercus sp.","W","Perennial","Woody","C3","320","Quercusp","Quesp","Native",NA,"","Fagaceae","Y","",""
"466","Ranunculus rhomboideus","F","Perennial","Non-legume forb","C3","626","Ranurhom","Ranrh","Native","18643","Ranunculus rhomboideus","Ranunculaceae","Y","",""
"467","Ratibida pinnata","F","Perennial","Non-legume forb","C3","739","Ratipinn","Ratpi","Native","38343","Ratibida pinnata","Asteraceae","Y","",""
"468","Real Weeds","Unknown","Unknown","Unknown","Unknown","997","","","Unknown",NA,"","Unknown","","","Used for Exp 141; 16 planted species are taxa 501, 100, 400, 102, 504, 510, 139, 105, 145, 403, 417, 416, 117, 103, 562, 120"
"469","Reproductive stem","Unknown","Unknown","Unknown","Unknown","813","Reprstem","Repst","Unknown",NA,"","Unknown","Y","","Species unidentified"
"470","Rhamnus cathartica","W","Perennial","Woody","C3","377","Rhamcath","Rhaca","Introduced","28573","Rhamnus cathartica","Rhamnaceae","Y","",""
"471","Rhamnus frangula","W","Perennial","Woody","C3","375","Rhamfran","Rhafr","Introduced","28579","Rhamnus frangula","Rhamnaceae","Y","",""
"472","Rhamnus sp.","W","Perennial","Woody","C3","376","Rhamnusp","Rhasp","Introduced",NA,"","Rhamnaceae","Y","",""
"473","Rhus glabra","W","Perennial","Woody","C3","303","Rhusglab","Rhugl","Native","28782","Rhus glabra","Anacardiaceae","Y","",""
"474","Toxicodendron radicans","W","Perennial","Woody","C3","315","Rhusradi","Rhura","Native","28776","Rhus radicans","Anacardiaceae","Y","",""
"475","Rhus sp.","W","Perennial","Woody","C3","358","Rhussp","Rhusp","Unknown",NA,"","Anacardiaceae","Y","",""
"476","Rhus typhina","W","Perennial","Woody","","1045","","","Native",NA,"","Anacardiaceae","","",""
"477","Ribes hirtellum","W","Perennial","Woody","C3","356","Ribehirt","Ribhi","Native","24470","Ribes hirtellum","Saxifragaceae","Y","",""
"478","Robinia pseudacacia","W","Perennial","Woody","C3","1046","","","Native",NA,"","Fabaceae","","Robinia pseudoacacia L. ",""
"479","Roots",NA,NA,NA,NA,"803","Roots","Roots","Unknown",NA,"",NA,"N","",""
"480","Rosa arkansana","W","Perennial","Woody","C3","304","Rosaarka","Rosar","Native","24815","Rosa arkansana","Rosaceae","Y","",""
"481","Rosa blanda","W","Perennial","Woody","C3","338","Rosablan","Rosbl","Native","24816","Rosa blanda","Rosaceae","Y","",""
"482","Rosa carolina","W","Perennial","Woody","","1047","","","Native",NA,"","Rosaceae","","",""
"483","Rubus alleghaniensis","W","Perennial","woody","","1048","","","Native",NA,"","Rosaceae","","Rubus allegheniensis Porter ",""
"484","Rubus canadensis","W","Perennial","woody","","1049","","","Native",NA,"","Rosaceae","","",""
"485","Rubus flagellaris","W","Perennial","Woody","C3","311","Rubuflag","Rubfl","Native","24921","Rubus flagellaris","Rosaceae","Y","",""
"486","Rubus idaeus","W","Perennial","Woody","C3","364","Rubuidae","Rubid","Native","24947","Rubus idaeus","Rosaceae","Y","",""
"487","Rubus occidentalis","W","Perennial","Woody","C3","316","Rubuocci","Ruboc","Native","24854","Rubus occidentalis","Rosaceae","Y","",""
"488","Rubus pubescens","W","Perennial","woody","","1050","","","Native",NA,"","Rosaceae","","",""
"489","Rubus sp.","W","Perennial","Woody","C3","305","Rubussp","Rubsp","Native",NA,"","Rosaceae","Y","",""
"490","Rubus strigosus","W","Perennial","Woody","C3","367","Rubustri","Rubst","Native","25056","Rubus strigosus","Rosaceae","Y","",""
"491","Rudbeckia hirta","F","Biennial","Non-legume forb","C4","1051","","","Native",NA,"","Asteraceae","","",""
"492","Rudbeckia serotina","F","Perennial","Non-legume forb","C3","552","Rudbsero","Rudse","Native","36766","Rudbeckia serotina","Asteraceae","Y","",""
"493","Rumex acetosella","F","Perennial","Non-legume forb","C3","553","Rumeacet","Rumac","Introduced","20934","Rumex acetosella","Polygonaceae","Y","",""
"494","Rumex mexicanus","F","Perennial","Non-legume forb","C3","715","Rumemexi","Rumme","Native","20966","Rumex mexicanus","Polygonaceae","Y","",""
"495","Rumex orbiculatus","F","Perennial","Non-legume forb","C3","694","Rumeorbi","Rumor","Native","20967","Rumex orbiculatus","Polygonaceae","Y","",""
"496","Rumex sp.","F","Unknown","Non-legume forb","C3","695","Rumexsp","Rumsp","Native and/or Introduced",NA,"","Polygonaceae","Y","",""
"497","Sagittaria latifolia","F","Perennial","Non-legume forb","C3","696","Sagilati","Sagla","Native","38908","Sagittaria latifolia","Alismataceae","Y","",""
"498","Salix bebbiana","W","Perennial","Woody","C3","349","Salibebb","Salbe","Native","22507","Salix bebbiana","Salicaceae","Y","",""
"499","Salix discolor","W","Perennial","Woody","C3","362","Salidisc","Saldi","Native","22524","Salix discolor","Salicaceae","Y","",""
"500","Salix gracilis","W","Perennial","Woody","C3","350","Saligrac","Salgr","Native","520819","Salix gracilis","Salicaceae","Y","",""
"501","Salix humilis","W","Perennial","Woody","C3","368","Salihumi","Salhu","Native","22546","Salix humilis","Salicaceae","Y","",""
"502","Salix interior","W","Perennial","Woody","C3","363","Saliinte","Salin","Native","520829","Salix interior","Salicaceae","Y","",""
"503","Salix pedicellaris","W","Perennial","Woody","C3","351","Salipedi","Salpe","Native","22564","Salix pedicellaris","Salicaceae","Y","",""
"504","Salix pyrifolia","W","Perennial","Woody","C3","357","Salipyri","Salpy","Native","22575","Salix pyrifolia","Salicaceae","Y","",""
"505","Salix serrisima","W","Perennial","Woody","C3","370","Saliserr","Salse","Native","22581","Salix serissima","Salicaceae","Y","",""
"506","Salix sp.","W","Perennial","Woody","C3","321","Salixsp","Salsp","Native",NA,"","Salicaceae","Y","",""
"507","Salsola kali","F","Annual","Non-legume forb","C4","687","Salskali","Salka","Introduced","20655","Salsola kali","Chenopodiaceae","Y","",""
"508","Saxifraga pensylvanica","F","Perennial","Non-legume forb","C3","716","Saxipens","Saxpe","Native","24234","Saxifraga pensylvanica","Saxifragaceae","Y","",""
"509","Schizachne purpurascens","G","Perennial","Grass","","1052","","","Native",NA,"","Poaceae","","",""
"510","Schizachyrium scoparium","C4","Perennial","Grass","C4","103","Schiscop","Schsc","Native","42076","Schizachyrium scoparium","Poaceae","Y","",""
"511","Scirpus cyperinus","S","Perennial","Sedge","C3","249","Scircype","Scicy","Native","40228","Scirpus cyperinus","Cyperaceae","Y","",""
"512","Scirpus validus","S","Perennial","Sedge","C3","248","Scirvali","Sciva","Native","40239","Scirpus validus","Cyperaceae","Y","",""
"513","Scleria triglomerata","S","Perennial","Sedge","C4","250","Scletrig","Scltr","Native","40318","Scleria triglomerata","Cyperaceae","Y","",""
"514","Scutellaria galericulata","F","Perennial","Non-legume forb","C3","717","Scutgale","Scuga","Native","32798","Scutellaria galericulata","Lamiaceae","Y","",""
"515","Scutellaria lateriflora","F","Perennial","Non-legume forb","C3","601","Scutlate","Scula","Native","32765","Scutellaria lateriflora","Lamiaceae","Y","",""
"516","Scutellaria parvula","F","Perennial","Non-legume forb","C3","554","Scutparv","Scupa","Native","32776","Scutellaria parvula","Lamiaceae","Y","",""
"517","Secale cereale","C3","Annual","Grass","C3","144","Secacere","Secce","Introduced","42090","Secale cereale","Poaceae","Y","",""
"518","Sedges","S","Unknown","Sedge","Unknown","900","Sedges","Sedge","Unknown",NA,"","Cyperaceae","Y","",""
"519","Seed contaminant - forb","F","Unknown","Forb","Unknown","995","","","Unknown",NA,"","Unknown","","","Used for Exp 141"
"520","Seed contaminant - grass","G","Unknown","Grass","Unknown","994","","","Unknown",NA,"","Unknown","","","Used for Exp 141"
"521","Seedlings","Unknown","Unknown","Unknown","Unknown","806","Seedlin","Seedl","Unknown",NA,"","Unknown","Y","",""
"522","Senecio aureus","F","Perennial","Non-legume forb","C3","555","Seneaure","Senau","Native","36091","Senecio aureus","Asteraceae","Y","",""
"523","Senecio pauperculus","F","Perennial","Non-legume forb","C3","556","Senepaup","Senpa","Native","36168","Senecio pauperculus","Asteraceae","Y","",""
"524","Senecio sp.","F","Perennial","Non-legume forb","C3","656","Senecisp","Sensp","Unknown",NA,"","Asteraceae","Y","",""
"525","Setaria italica","C4","Annual","Grass","C4","153","Setaital","Setit","Introduced","41248","Setaria italica","Poaceae","Y","",""
"526","Setaria lutescens (glauca)","C4","Annual","Grass","C4","118","Setalute","Setlu","Introduced","565884","Setaria glauca","Poaceae","Y","",""
"527","Setaria sp.","C4","Annual","Grass","C4","137","Setarisp","Setsp","Unknown",NA,"","Poaceae","Y","",""
"528","Setaria viridis","C4","Annual","Grass","C4","119","Setaviri","Setvi","Introduced","41231","Setaria viridis","Poaceae","Y","",""
"529","Silene antirrhina","F","Annual","Non-legume forb","C3","557","Sileanti","Silan","Native","20045","Silene antirrhina","Caryophyllaceae","Y","",""
"530","Silene sp.","F","Unknown","Non-legume forb","C3","749","Silenesp","Silsp","Native and/or Introduced",NA,"","Caryophyllaceae","Y","",""
"531","Sisymbrium altissimum","F","Biennial","Non-legume forb","C3","600","Sisyalti","Sisal","Introduced","23312","Sisymbrium altissimum","Brassicaceae","Y","",""
"532","Sisyrinchium campestre","F","Perennial","Non-legume forb","C3","558","Sisycamp","Sisca","Native","43254","Sisyrinchium campestre","Iridaceae","Y","",""
"533","Smilacina racemosa","F","Perennial","Non-legume forb","C3","623","Smilrace","Smira","Native","43036","Smilacina racemosa","Lilliaceae","Y","",""
"534","Smilacina stellata","F","Perennial","Non-legume forb","C3","559","Smilstel","Smist","Native","43038","Smilacina stellata","Lilliaceae","Y","",""
"535","Smilax herbacea","F","Perennial","Non-legume forb","C3","705","Smilherb","Smihe","Native","43356","Smilax herbacea","Lilliaceae","Y","",""
"536","Solanum americanum","F","Annual","Non-legume forb","C3","613","Solaamer","Solam","Native","565523","Solanum americanum","Solanaceae","Y","",""
"537","Solanum caroliniense","F","Perennial","Non-legume forb","C3","744","Solacaro","Solca","Introduced","30413","Solanum carolinense","Solanaceae","Y","",""
"538","Solanum dulcamara","F","Annual","Non-legume forb","C3","664","Soladulc","Soldu","Introduced","30414","Solanum dulcamara","Solanaceae","Y","",""
"539","Solanum nigrum","F","Annual, perennial","Non-legume forb","","1055","","","Introduced",NA,"","Solanaceae","","","forb or subshrub"
"540","Solidago altissima","F","Perennial","Non-legume forb","C3","761","Solialti","Solal","Native","36228","Solidago altissima","Asteraceae","Y","",""
"541","Solidago canadensis","F","Perennial","Non-legume forb","C3","603","Solicana","Solca","Native","36224","Solidago canadensis","Asteraceae","Y","",""
"542","Solidago gigantea","F","Perennial","Non-legume forb","C3","560","Soligiga","Solgi","Native","36259","Solidago gigantea","Asteraceae","Y","",""
"543","Solidago graminifolia","F","Perennial","Non-legume forb","C3","604","Soligram","Solgr","Native","521716","Solidago graminifolia","Asteraceae","Y","",""
"544","Solidago juncea","F","Perennial","Non-legume forb","","1053","","","Native",NA,"","Asteraceae","","",""
"545","Solidago missouriensis","F","Perennial","Non-legume forb","C3","650","Solimiss","Solmi","Native","36277","Solidago missouriensis","Asteraceae","Y","",""
"546","Solidago nemoralis","F","Perennial","Non-legume forb","C3","561","Solinemo","Solne","Native","36281","Solidago nemoralis","Asteraceae","Y","",""
"547","Solidago rigida","F","Perennial","Non-legume forb","C3","562","Solirigi","Solri","Native","36297","Solidago rigida","Asteraceae","Y","",""
"548","Solidago sp.","F","Perennial","Non-legume forb","C3","605","Solidasp","Solsp","Native",NA,"","Asteraceae","Y","",""
"549","Solidago speciosa","F","Perennial","Non-legume forb","C3","563","Solispec","Solsp","Native","36310","Solidago speciosa","Asteraceae","Y","",""
"550","Sonchus arvensis","F","Perennial","Non-legume forb","","1056","","","Introduced",NA,"","Asteraceae","","",""
"551","Sorghastrum nutans","C4","Perennial","Grass","C4","120","Sorgnuta","Sornu","Native","42102","Sorghastrum nutans","Poaceae","Y","",""
"552","Spartina pectinata","C4","Perennial","Grass","C4","149","Sparpect","Spape","Native","41272","Spartina pectinata","Poaceae","Y","",""
"553","Sphagnum sp.","O","Unknown","Moss & lichens","C3","15","Sphagnsp","Sphsp","Native",NA,"","Sphagnaceae","N","",""
"554","Spiraea alba","W","Perennial","Woody","C3","348","Spiralba","Spial","Native","25329","Spiraea alba","Rosaceae","Y","",""
"555","Spiraea tomentosa","W","Perennial","Woody","C3","352","Spirtome","Spito","Native","25342","Spiraea tomentosa","Rosaceae","Y","",""
"556","Sporobolus cryptandrus","C4","Perennial","Grass","C4","121","Sporcryp","Spocr","Native","42132","Sporobolus cryptandrus","Poaceae","Y","",""
"557","Sporobolus heterolepis","C4","Perennial","Grass","C4","152","Sporhete","Spohe","Native","42119","Sporobolus heterolepis","Poaceae","Y","",""
"558","Sporobolus sp.","C4","Perennial","Grass","C4","133","Sporobsp","Sposp","Native",NA,"","Poaceae","Y","",""
"559","Stachys palustris","F","Perennial","Non-legume forb","C3","602","Stacpalu","Stapa","Native","32344","Stachys palustris","Lamiaceae","Y","",""
"560","Stachys sp.","F","Unknown","Non-legume forb","C3","752","Stachysp","Stasp","Native and/or Introduced",NA,"","Lamiaceae","Y","",""
"561","Stachys tenuifolia","F","Unknown","Non-legume forb","","1057","","","Native",NA,"","Lamiaceae","","",""
"562","Stellaria longifolia","F","Perennial","Non-legume forb","C3","564","Stellong","Stelo","Native","20185","Stellaria longifolia","Caryophyllaceae","Y","",""
"563","Stellaria media","F","Annual, perennial","Non-legume forb","C3","779","Stelmedi","Steme","Introduced","20169","Stellaria media","Caryophyllaceae","Y","",""
"564","Stems","Unknown","Unknown","Unknown","Unknown","801","Stems","Stems","Unknown",NA,"","Unknown","N","",""
"565","Stipa comata","C3","Perennial","Grass","C3","165","Stipcoma","Stico","Native","42172","Stipa comata","Poaceae","Y","",""
"566","Stipa spartea","C3","Perennial","Grass","C3","122","Stipspar","Stisp","Native","42166","Stipa spartea","Poaceae","Y","",""
"567","Stipa spicata","C3","Perennial","Grass","C3","166","Stipspic","Stisp","Native","565572","Trachypogon spicatus","Poaceae","Y","",""
"568","Streptopus roseus","F","Perennial","Non-legume forb","","1058","","","Native",NA,"","Lilliaceae","","Streptopus lanceolatus (Aiton) Reveal var. roseus (Michx.) Reveal ",""
"569","Strophostyles leiosperma","L","Annual","Legume","C3","412","Stroleio","Strle","Native","26203","Strophostyles leiosperma","Fabaceae","Y","",""
"570","Symphoricarpos occidentalis","W","Perennial","Woody","","1009","","","Native",NA,"","Caprifoliaceae","","",""
"571","Taraxacum sp.","F","Unknown","Non-legume forb","","1001","","","Native and/or Introduced",NA,"","Asteraceae","","",""
"572","Taraxacum officinale","F","Perennial","Non-legume forb","C3","630","Taraoffi","Tarof","Introduced","36213","Taraxacum officinale","Asteraceae","Y","",""
"573","Thalictrum dasycarpum","F","Perennial","Non-legume forb","C3","740","Thaldasy","Thada","Native","18667","Thalictrum dasycarpum","Ranunculaceae","Y","",""
"574","Thalictrum dioicum","F","Perennial","Non-legume forb","C3","718","Thaldioi","Thadi","Native","18669","Thalictrum dioicum","Ranunculaceae","Y","",""
"575","Thelypteris palustris","O","Perennial","Fern","C3","13","Thelpalu","Thepa","Native","17251","Thelypteris palustris","Aspleniaceae","Y","",""
"576","Toothpick (t.p.)",NA,NA,NA,NA,NA,NA,NA,NA,NA,"",NA,"N","",""
"577","Tradescantia bracteata","F","Perennial","Non-legume forb","C3","565","Tradbrac","Trabr","Native","39157","Tradescantia bracteata","Commelinaceae","Y","",""
"578","Tradescantia occidentalis","F","Perennial","Non-legume forb","C3","566","Tradocci","Traoc","Native","39168","Tradescantia occidentalis","Commelinaceae","Y","",""
"579","Tradescantia sp.","F","Unknown","Non-legume forb","C3","745","Tradessp","Trasp","Native and/or Introduced",NA,"","Commelinaceae","Y","",""
"580","Tragopogon dubius (major)","F","Biennial","Non-legume forb","C3","567","Tragdubi","Tradu","Introduced","38564","Tragopogon dubius","Asteraceae","Y","",""
"581","Triadenum fraseri","F","Perennial","Non-legume forb","C3","697","Triafras","Trifr","Native","21473","Triadenum fraseri","Clusiaceae","Y","",""
"582","Trientalis borealis","F","Perennial","Non-legume forb","C3","660","Triebore","Tribo","Native","24053","Trientalis borealis","Primulaceae","Y","",""
"583","Trifolium arvense","L","Annual","Legume","C3","410","Trifarve","Triar","Introduced","26221","Trifolium arvense","Fabaceae","Y","",""
"584","Trifolium hybridum","L","Perennial","Legume","C3","413","Trifhybr","Trihy","Introduced","26261","Trifolium hybridum","Fabaceae","Y","",""
"585","Trifolium pratense","L","Perennial","Legume","C3","404","Trifprat","Tripr","Introduced","26313","Trifolium pratense","Fabaceae","Y","",""
"586","Trifolium repens","L","Perennial","Legume","C3","405","Trifrepe","Trire","Introduced","26206","Trifolium repens","Fabaceae","Y","",""
"587","Trifolium sp.","L","Perennial","Legume","C3","409","Trifolsp","Trisp","Introduced",NA,"","Fabaceae","Y","",""
"588","Typha glauca","F","Perennial","Non-legume forb","C3","700","Typhglau","Typgl","Native","42328","Typha glauca","Typhaceae","Y","",""
"589","Typha latifolia","F","Perennial","Non-legume forb","C3","701","Typhlati","Typla","Native","42326","Typha latifolia","Typhaceae","Y","",""
"590","Typha sp.","S","Perennial","Sedge","C3","766","Typhasp","Typsp","Native and/or Introduced",NA,"","Typhaceae","Y","",""
"591","Ulmus americana","W","Perennial","Woody","C3","360","Ulmuamer","Ulmam","Native","19049","Ulmus americana","Ulmaceae","Y","",""
"592","Ulmus pumila","W","Perennial","Woody","C3","314","Ulmupumi","Ulmpu","Introduced","19057","Ulmus pumila","Ulmaceae","Y","",""
"593","Ulmus sp.","W","Perennial","Woody","C3","381","Ulmussp","Ulmsp","Unknown",NA,"","Ulmaceae","Y","",""
"594","Unsorted biomass","Unknown","Unknown","Unknown","Unknown","91","Unsobiom","unsbi",NA,NA,"","Unknown","Y","",""
"595","Urtica dioica","F","Perennial","Non-legume forb","C3","707","Urtidioi","Urtdi","Native","19152","Urtica dioica","Urticaceae","Y","",""
"596","Urtica gracilis","F","Perennial","Non-legume forb","","1002","","","Native",NA,"","Urticaceae","","",""
"597","Utricularia sp.","F","Unknown","Non-legume forb","C3","754","Utricusp","Utrsp","Native",NA,"","Lentibulariaceae","Y","",""
"598","Uvularia sessifolia","F","Perennial","Non-legume forb","C3","668","Uvulsess","Uvuse","Native","43112","Uvularia sessilifolia","Lilliaceae","Y","",""
"599","Vaccinium angustifolium","W","Perennial","Woody","C3","335","Vaccangu","Vacan","Native","23579","Vaccinium angustifolium","Ericaceae","Y","",""
"600","Vaccinium myrtilloides","W","Perennial","Woody","C3","312","Vaccmyrt","Vacmy","Native","23604","Vaccinium myrtilloides","Ericaceae","Y","",""
"601","Vaccinium sp.","W","Perennial","Woody","C3","354","Vaccinsp","Vacsp","Native",NA,"","Ericaceae","Y","",""
"602","Verbascum thapsus","F","Biennial","Non-legume forb","C3","568","Verbthap","Verth","Introduced","33394","Verbascum thapsus","Scrophulariaceae","Y","",""
"603","Verbena bracteata","F","Perennial","Non-legume forb","C3","586","Verbbrac","Verbr","Native","32085","Verbena bracteata","Verbenaceae","Y","",""
"604","Verbena hastata","F","Perennial","Non-legume forb","C3","698","Verbhast","Verha","Native","32071","Verbena hastata","Verbenaceae","Y","",""
"605","Verbena stricta","F","Perennial","Non-legume forb","C3","741","Verbstri","Verst","Native","32078","Verbena stricta","Verbenaceae","Y","",""
"606","Vernonia fasciculata","F","Perennial","Non-legume forb","C3","742","Vernfasc","Verfa","Native","38629","Vernonia fasciculata","Asteraceae","Y","",""
"607","Veronicastrum virginicum","F","Perennial","Non-legume forb","C3","655","Verovirg","Vervi","Native","34073","Veronicastrum virginicum","Verbenaceae","Y","",""
"608","Viburnum lentago","W","Perennial","Woody","C3","383","Vibulent","Vible","Native",NA,"","Caprifoliaceae","Y","",""
"609","Vicia angustifolia","L","Annual","Legume","C3","408","Viciangu","Vican","Introduced","26330","Vicia angustifolia","Fabaceae","Y","",""
"610","Vicia villosa","L","Annual","Legume","C3","406","Vicivill","Vicvi","Introduced","26360","Vicia villosa","Fabaceae","Y","",""
"611","Viola pallens","F","Perennial","Non-legume forb","C3","719","Violpall","Viopa","Native","22124","Viola pallens","Violaceae","Y","",""
"612","Viola palustris","F","Perennial","Non-legume forb","","1054","","","Native",NA,"","Violaceae","","",""
"613","Viola pedata","F","Perennial","Non-legume forb","C3","610","Violpeda","Viope","Native","22130","Viola pedata","Violaceae","Y","",""
"614","Viola pedatifida","F","Perennial","Non-legume forb","C3","570","Violped2","Viope","Native","22131","Viola pedatifida","Violaceae","Y","",""
"615","Viola sagittata","F","Perennial","Non-legume forb","C3","606","Violsagi","Viosa","Native","22162","Viola sagittata","Violaceae","Y","",""
"616","Viola Selkirkii","F","Perennial","Non-legume forb","","1003","","","Native",NA,"","Violaceae","","Viola selkirkii Pursh ex Goldie ",""
"617","Viola sp.","F","Perennial","Non-legume forb","C3","569","Violasp","Viosp","Unknown",NA,"","Violaceae","Y","",""
"618","Vitis riparia","W","Perennial","Woody","C3","342","Vitiripa","Vitri","Native","28624","Vitis riparia","Vitaceae","Y","",""
"619","Weeds","Unknown","Unknown","Unknown","Unknown","811","Weeds","Weeds","Unknown",NA,"","Unknown","Y","",""
"620","Woody","W","Perennial","Woody","","910","Woody","Woody","Unknown",NA,"","Unknown","Y","",""
"621","Woody debris",NA,NA,NA,NA,"92","Wooddebr","Woode",NA,NA,"",NA,"N","",""
"622","Xyris torta","C3","Perennial","Grass","C3","134","Xyritort","Xyrto","Native","39117","Xyris torta","Poaceae","Y","",""
"623","Zanthoxylum americanum","W","Perennial","Woody","C3","344","Zantamer","Zanam","Native","505788","Zanthoxylum americanum","Rutaceae","Y","",""
"624","Zizia aptera","F","Perennial","Non-legume forb","C3","680","Ziziapte","Zizap","Native","29905","Zizia aptera","Apiaceae","Y","",""
"625","Zizia aurea","F","Perennial","Non-legume forb","C3","743","Ziziaure","Zizau","Native","29906","Zizia aurea","Apiaceae","Y","",""
"626","Oxybaphus sp.","F","Perennial","Non-legume forb","C3",NA,NA,NA,"Native",NA,NA,"Nyctaginaceae",NA,NA,""
"627","Plantago sp.","F","Perennial","Non-legume forb","C3",NA,NA,NA,"Introduced",NA,NA,"Plantaginaceae",NA,NA,""
"628","Elymus sp.","F",NA,"Grass","C3",NA,NA,NA,NA,NA,NA,"Poaceae",NA,NA,""
"629","C3 grasses","C3",NA,"Grass","C3",NA,NA,NA,NA,NA,NA,"Poaceae",NA,NA,""
"630","C4 grasses","C3",NA,"Grass","C4",NA,NA,NA,NA,NA,NA,"Poaceae",NA,NA,""
"631","Hieracium pilosum","F",NA,"Non-legume forb","C3",NA,NA,NA,NA,NA,NA,"Poaceae",NA,NA,""
"632","1st year woody","W",NA,NA,NA,NA,NA,NA,NA,NA,NA,NA,NA,NA,""
"633","Forbes","F",NA,NA,NA,NA,NA,NA,NA,NA,NA,NA,NA,NA,""
"634","Legumes","L",NA,NA,NA,NA,NA,NA,NA,NA,NA,NA,NA,NA,""
"635","Liatris sp","F","Perennial","Non-legume forb","C3",NA,NA,NA,NA,NA,NA,"Asteraceae",NA,NA,""
